code,date,sp1,sp3,sp5
13800,2018-12-13,0.0971244763055194,0.10128611727714473,0.17179071589902623
13820,2022-07-12,0.046246523366800074,0.06176450805431869,0.09263575162451868
13820,2022-09-02,-0.058133808093118126,-0.03520248921898225,0.005526446542277177
14310,2019-08-26,0.015307739676709418,-0.2008370434763906,-0.13047371097330593
143A0,2024-09-09,0.052354926566655,0.09549495209733626,0.1622780836641087
14470,2020-06-29,-0.005732346564322602,0.07891340479880987,0.058340585321843594
14470,2020-09-28,-0.010900673145367624,0.04844874062014887,0.02653163435224224
15140,2022-12-09,-0.07381288260335483,-0.08127853896036885,-0.10918739447076437
15140,2023-12-14,-0.010075180810135306,-0.03132048711469211,-0.06396713820041627
15140,2024-01-18,0.08655660666372392,0.0006818176853503506,0.019508491768816458
153A0,2025-05-14,0.01817842004296175,0.03637428287195978,0.051256702659730355
155A0,2025-08-07,0.05029522203245177,0.02211774788179859,0.06182829169293255
17110,2018-01-04,0.07004354126398647,0.09696753109932009,0.07534054302234675
17240,2018-08-21,-0.023771998305826034,-0.01960241463012764,-0.052442531810825414
17240,2019-05-24,0.03610326614150661,0.10030667623529517,0.14006679006052702
17300,2017-11-27,-0.08256953476715871,0.06550697971950704,0.1542129199652356
17300,2023-12-19,0.08719114582041107,0.21568362283660766,0.2599311339898617
18400,2019-12-09,-0.0021738638812426017,0.025965650056476913,0.018947111369157957
18400,2020-12-28,0.024156424029245567,-3.370617578461223e-05,0.020877894035277827
184A0,2025-06-10,0.06775337453187201,0.14956861799458251,0.19228219572539354
190A0,2024-08-01,-0.07138017493557552,-0.24562012503368336,-0.2680017376174088
198A0,2024-07-02,0.04918376947832534,0.04194515440745088,0.002329831743181121
21440,2018-06-04,0.09857176803983776,0.10709221193254993,0.03681372194179158
21440,2018-08-15,-0.007004928870617667,0.04324939243162532,-0.024100104304237122
21500,2017-05-23,0.050981986631946405,0.11383575530962436,0.18338244879350382
21580,2020-06-10,0.07548169757521198,0.12495680969093939,0.11646187976038452
21580,2021-11-29,0.15499615781951986,0.2697223669150606,0.3
21580,2025-08-04,-0.013037850350626405,-0.01756039738818644,0.005483825809428397
21600,2017-03-03,-0.03258802698568561,-0.19146600188773985,-0.3
21600,2017-06-26,-0.05529371582594205,-0.06555972148749747,-0.05173887627488405
21600,2020-08-27,0.030342149683346427,-0.08503543814785808,-0.11320367907975643
21620,2017-08-29,0.018276164481252754,0.02207295753224598,0.11796460512178629
21640,2018-09-21,-0.03233818870633804,-0.01852404622056738,-0.010965003949358888
21640,2019-03-06,0.020603507452694077,-0.01011878937567385,0.03982875896272967
21760,2018-03-30,0.03874094976805,0.1562515251039139,0.17512192684735883
218A0,2025-02-26,-0.14477027899778935,-0.049928768216423176,-0.05787541223303757
21910,2018-10-04,0.027437550939252164,0.06216908133019629,0.07476119958444458
21910,2020-05-22,0.11226746240503985,0.009511574701209231,-0.20557389900502782
21950,2021-12-23,0.040592455590996245,0.17518223772780822,0.3
21950,2022-02-09,0.049027047018124305,0.12149550162790364,0.18870782028756486
21950,2022-09-05,0.048437990578459385,0.11299086009769928,0.09325945652634163
21950,2022-12-01,0.0057347218718754745,-0.018733209196349684,0.007892231448778722
219A0,2025-01-10,-0.006066788681602877,-0.07083050116266891,0.02165271256551284
23210,2025-08-15,0.059393980527534904,-0.00431462844048012,0.08904939285317266
23300,2017-07-11,-0.016510354346659692,-0.018167469991813158,-0.14477838949252758
23300,2024-02-13,-0.14231977437948284,0.0706775235900975,-0.2325867819608584
23340,2025-04-04,0.07851997339591066,0.11797694765168248,0.06662305657846163
23340,2025-07-11,-0.11666756935276537,-0.026603139686584783,0.05068404432371949
23340,2025-11-13,0.02154024973808044,0.02121693047151583,0.04130380262486316
23420,2021-01-28,0.06741191153155243,-0.026416185033155133,0.011030318523052531
23450,2020-03-05,0.10160800152129659,0.2514021624502886,-0.006552160705177806
23450,2022-03-30,-0.037684484090277,-0.029515957953504153,0.026569530313849662
23510,2017-05-26,-0.14006329828497285,-0.12005487674968997,0.14651557192408293
23510,2017-07-04,-0.03147843592431473,0.04451403856115186,-0.05066986024684196
23700,2020-06-03,0.04575496973492404,-0.0741541953736268,-0.12829159987527322
23700,2021-06-23,0.034643169554103855,0.11108129884511198,0.13027339539223273
23750,2023-10-05,-0.15012118933494342,-0.3,-0.3
23880,2022-07-12,0.07622976593068781,0.07772177659223248,0.0784380138783938
23880,2022-08-12,-0.21088247896102758,-0.14648662216459135,-0.05562815364018025
23970,2017-07-07,0.04225336065788958,0.017928991328294692,0.0449177924436082
23970,2023-02-16,0.07871872770232811,0.09409112830673902,0.03304546044583552
23970,2024-03-07,0.015248223189508667,0.06301708131410363,0.10951069897146148
24250,2017-03-30,-0.2378840557622025,-0.22555424091726164,-0.0629561043919025
24250,2017-05-12,0.04914674438838023,-0.03814085116905711,0.003289965803905784
24250,2021-01-26,0.0342691899779426,0.04358474199859995,0.034113842246454265
24350,2023-05-23,0.05146045270921562,0.08245567111694066,0.03174350948301072
24370,2017-07-27,0.1692391618915772,0.3,0.3
24370,2022-06-10,0.007787818800509182,0.006935165013052101,-0.02157837618857332
24380,2022-02-21,0.1532440645546965,0.1820826694646544,0.03499362328760956
24590,2018-09-12,0.07300158742647883,0.10446602281397532,0.16241656547709588
24590,2025-03-28,0.03333502644457327,0.03275240057657569,0.06962565440730857
24770,2017-07-12,0.05220555067285358,0.13130420555482933,0.09141609082250163
24790,2021-06-04,0.04822990829181459,0.018824335479217177,-0.020523113805901393
254A0,2025-02-13,-0.030238885209075025,0.12499055834080915,0.04802012358361434
25860,2024-08-22,0.03243234046427298,-0.3,-0.3
25860,2024-11-08,-0.02444691189250834,0.06434904331435043,0.13779020158956226
25860,2025-07-11,0.09279801035737942,-0.011340458527164473,-0.018790593357439975
26560,2017-06-06,0.038125557885675974,0.06331571580087202,0.003481465508189372
26560,2021-02-26,0.06691947496828263,0.17984007200554292,0.13791412861826804
265A0,2025-08-13,-0.0011097056983332537,0.026471572646125707,0.0819516041188497
26670,2021-04-16,-0.2516629830509068,-0.11673571436646105,-0.027879349457831885
26730,2018-09-21,0.045598580663768366,0.08750667738933413,0.10145102715890815
26730,2021-06-01,0.03723203141936782,0.05890673457783067,0.08896672709690356
26870,2023-07-24,0.018219471224953345,-0.03534508897825772,0.031814574756021494
26930,2017-10-04,0.04155825786342108,0.010980380144538573,-0.04198266918856548
26930,2017-12-01,0.029805202123073006,0.03522262968723751,-0.10030741661549582
26930,2019-11-05,0.025674086349217758,0.010733604729754051,-0.023716547833535488
27000,2025-08-25,0.018698677739813273,-0.07840607077095434,-0.021402362591098328
27080,2023-08-23,0.01696163855660152,0.04425356928846734,0.06643061415147522
27210,2017-03-03,0.12579123618563406,0.1836704572130661,0.2254219619813527
27210,2023-04-11,0.08352831320118011,0.3,0.25863288609282004
27620,2023-05-22,0.0358553825879766,0.07581652849424178,0.14660513554540683
276A0,2025-01-24,0.03585248844333092,0.0045462242868849635,0.04922861526821651
27780,2017-12-07,-0.05486156247666383,-0.08140241646404996,-0.0480970023259462
27780,2021-08-04,0.023847799889888333,0.10863206903250845,0.1031218630824043
278A0,2025-01-17,0.03465224102542454,0.11348435491043743,0.025722373476023724
281A0,2025-07-18,-0.2107183949048747,-0.18196757398128433,-0.285323038470436
29010,2019-02-26,0.005669888701774617,0.014665503619947421,0.06729447183458435
290A0,2025-02-10,-0.08440289316037584,0.09293438075994745,0.11576054412649057
29260,2021-01-14,0.042245114215545915,0.029442822781030747,0.05413246359902362
29290,2018-03-01,0.024436335229661606,-0.11357971515554446,-0.11287133572723188
29290,2020-01-20,0.021220924957181628,0.02889338743051195,-0.03893315948443793
29290,2021-06-10,0.012799770105161465,0.03684452231147158,0.0891496702725747
29300,2017-04-04,0.10251542668773408,0.03675612842382538,0.09257222026777952
29360,2024-10-28,-0.18061530618585198,0.11193983603992827,0.0989471205836098
30040,2021-01-18,0.06448461815747655,0.04157984371601238,0.08291653669925157
30410,2023-05-15,-0.3,-0.3,-0.3
30410,2023-09-07,-0.02732706684773755,-0.015265887342014981,-0.05309699977737396
30530,2017-08-24,0.051184151471817325,0.01025214704716498,0.08102771421267148
30540,2018-01-30,-0.032026152234803984,0.03967505331590367,0.1471708496790858
30830,2018-03-14,0.12235185935937834,0.12959048000982712,0.11009956768108727
30830,2021-11-09,0.23284905303240996,0.3,0.2641152273524536
30830,2023-02-09,0.05548914232517352,0.16397769230589923,0.15516506137296354
31110,2023-03-01,0.07098138692696121,-0.06725084179077052,-0.09868719352974156
31210,2021-11-17,-0.05898069696828834,-0.06620089877728698,-0.09822275162186889
31350,2019-02-26,0.027157492007559757,-0.11988344911082352,-0.07685699958961446
31370,2025-04-25,0.11003612667560066,0.20601023227925777,0.3
31610,2020-01-28,-0.10929458140714052,-0.3,0.19546900836356065
31850,2021-11-24,0.10103180526852958,0.08731286808051385,0.1546279720413265
31850,2024-12-26,0.052764221890421466,0.03828445668531802,0.0499075605395994
31890,2020-06-29,-0.09079970090299634,0.3,0.3
32020,2020-02-12,0.14240289579445142,-0.14007083896177416,0.05712610738758683
32670,2017-11-17,-0.2154756232819772,-0.3,-0.3
32670,2018-01-25,-0.015265361130138344,-0.1751018341987187,-0.25619753481012736
33260,2021-05-31,0.13840512758219542,0.2031096735214219,0.24764663427051042
33280,2022-04-01,0.09259573555423461,0.04375992997486552,-0.017862353152365097
33440,2018-03-01,0.018274083784391222,0.09854912036951743,0.14408819670399872
33500,2025-06-06,-0.14748099173009685,-0.10197822726958303,-0.12006741311317821
33560,2018-09-14,0.03415474793569152,-0.00923496468140141,-0.07547019410058632
33580,2018-01-31,0.08897157988424001,0.21619229911297852,0.20574677089814677
33580,2022-10-07,-0.23029458810424244,-0.015868617531544962,0.025853571330442283
33700,2018-01-22,0.02181345401757937,0.05335086692162334,0.0853331133556071
33770,2020-10-09,0.0018194789509629178,-0.004892507124094393,0.06097264736205263
33770,2021-08-02,-0.02058536266207854,-0.08059051679180758,-0.18704971549372448
338A0,2025-04-21,0.21743940118254362,0.22105206996399726,0.13490505823424853
33900,2017-07-21,-0.08913649263379013,-0.05807821781765648,-0.04814085963966392
33900,2021-07-08,0.06174357372054664,0.08249951689518652,0.14266712926218375
34090,2019-07-30,-0.0013843793981809477,0.05102124102724203,-0.04828218480508597
34090,2019-12-27,-0.005676448510533129,0.009140563822387746,0.028447403624085352
34170,2017-11-14,0.018662751938298798,0.10596484913363499,0.08065587882978956
341A0,2025-05-26,0.05234697793390298,-0.01582041010764382,-0.026837543399638973
34410,2017-09-04,0.09627869696983615,0.1347776574748911,-0.0030516452180302106
34490,2020-05-20,-0.005363799821474416,0.034667223759367094,-0.03168488924292942
34610,2018-04-27,0.07008895321630065,0.09303540294473767,0.10300631702642891
34690,2019-01-24,-0.02745850987751181,-0.05059868522474171,0.1415870328234985
34980,2019-10-28,0.02315573895931605,0.1598275640160885,0.18977592261152892
35260,2017-07-07,-0.0267297496149816,0.013709582045594321,0.020268704633953062
35360,2020-08-21,-0.02698281091051009,-0.0018826456930297088,0.05613891781872844
35420,2020-08-12,0.002251367759172245,-0.06863991687813692,-0.14657263799577389
35470,2017-12-04,0.027172969613606813,0.03587368947979648,-0.013980976759966558
35560,2020-09-17,0.023878842383439507,0.0678706182648684,0.05407310286596059
35650,2017-09-05,0.01900864164812133,-0.04333090271511995,-0.044914145005611944
36040,2020-02-14,-0.23345408304197807,-0.06720049246233784,-0.10984429276931557
36040,2020-11-24,0.03435716171414025,-0.0005359205261003253,0.14066242821820274
36040,2022-01-14,0.16923527924916515,-0.024555786506421193,0.089139446098155
36060,2017-04-26,0.030416656988932974,0.0848932396987667,0.08366397458958635
36060,2017-07-27,0.0038659262122834525,0.030519655975110936,0.03525681352574635
36220,2019-02-18,0.0008918879602586266,-0.005193585612680979,0.00540514889336555
36230,2017-12-14,0.028433088939922267,-0.02633092717489214,-0.028941207447780178
36230,2019-10-03,0.03903709038482286,0.08103963707197925,0.0583949227942831
36240,2017-08-18,-0.030451446166197684,0.061006889679745574,0.11658337965700898
36240,2018-04-02,-0.00024666369511993974,-0.13317632795130213,0.024233751248712253
36240,2019-07-11,-0.07338031256442012,0.036993618322439845,0.012941410150687553
36240,2019-12-12,-0.01607178787508233,0.02568200527051303,0.11699836459158065
36240,2025-01-10,0.035669817043570695,-0.001609735689124741,0.010742219438443019
36270,2018-07-27,0.01801033084361094,-0.05864007654253848,-0.0005197901183906124
36270,2018-11-02,0.12745014178959346,0.007897192612734222,-0.054485503751259205
36280,2020-08-26,0.018379031164873036,-0.16476051195745745,-0.12436047552116411
36390,2025-05-23,0.23102376547451406,0.2452451778829985,0.2306952450050867
36460,2018-06-28,0.023911079604302776,0.09529831134026473,-0.0031841527146939386
36520,2017-11-29,0.08597482081739326,0.045782452518719347,-0.023608035840827636
36560,2025-09-18,0.049276124281926695,0.13698399978700462,-0.0015927648324197182
36600,2022-08-24,-0.06914900646154314,0.0016466939695337591,-0.004172375230637645
36610,2017-02-13,0.034593846439831266,0.06737072806704215,0.04846825748282845
36610,2017-05-19,-0.03172277473661827,-0.1900914457501248,-0.3
36610,2018-04-25,0.08353724456011188,0.1430018215790882,0.15619647974257644
36610,2018-07-23,0.03010440976170441,0.07089043061790865,0.0897223412570653
36610,2018-08-31,-0.029002470553052405,-0.00143011837895631,-0.11558004921835205
36640,2020-03-27,0.008323070585537592,-0.05887436610031343,-0.0882123487029294
36670,2017-04-21,0.038062907352483334,0.019467893014937697,-0.08608983390321681
36670,2017-06-06,-0.07130748959153452,-0.1179304996059002,-0.03926193497951161
36670,2017-10-25,0.06968132066143713,0.08316611386913722,0.19955726373707283
36670,2019-04-03,-0.03668703458668956,-0.03829727591005057,-0.17383683643795222
36670,2019-08-05,-0.12394820997386752,-0.2707386537479357,-0.25246338996895695
36670,2019-10-31,0.00890816467182961,0.036693341102558966,0.04446771840301545
36670,2020-01-16,0.036396136179739136,0.12411083709628105,0.17146452418829453
36680,2019-10-01,-0.03696187862812222,-0.028707919149899973,0.013069292320442252
36720,2019-10-10,-0.001980421123653197,-0.10012396534952549,-0.13046953224258273
36810,2020-04-07,0.10567993508482804,0.08037365525089574,0.0021934483418479117
36860,2020-06-18,-0.08173884273335082,0.1061682779484785,0.1836789312363605
37100,2019-04-04,-0.11581935282005017,-0.2072009003018783,-0.3
37470,2019-08-22,-0.2652383033865254,-0.19723199028716729,-0.3
37470,2020-09-11,0.018663000350361364,-0.003088884673530884,0.030227983342171968
37470,2023-06-14,0.020631393459457057,-0.02558317898051694,-0.003569524918560857
37470,2025-03-13,-0.17240814437168128,-0.16248807295095707,0.041776845823895306
37470,2025-08-29,0.05562112521287351,0.2197396406767551,0.12877452299352718
37580,2017-02-14,0.040520749971202884,0.1557719717143637,0.026741030136186825
37580,2017-03-17,0.11871411749361993,0.14727201342428842,0.17163717546835947
37600,2019-03-27,0.06113693917147673,0.07599544962831205,0.09300145697487769
37600,2022-06-15,-0.03997140084112539,-0.087215047979244,-0.030840313090775937
37660,2018-06-11,0.013792576393591733,-0.016277409203293357,-0.021585621144997454
37760,2018-09-26,0.059521241690126625,-0.020193206481947147,-0.0026227743118454015
37780,2023-06-27,-0.08132408246113719,-0.14646498667417346,-0.2141880979576679
37780,2023-12-08,0.03311795286893433,0.07884020811030686,0.10546702167121287
37840,2018-03-20,0.09453986310108486,0.03360551229050131,-0.013361543776855622
38030,2020-08-26,0.06056911476112391,0.09318527714048597,0.15110644293219025
38030,2025-07-25,-0.1711417608676386,-0.3,-0.3
38040,2017-06-22,0.05406918968299664,0.005518465370537467,0.04999426848958592
38070,2024-11-19,0.06224421983695646,0.0612152852587549,0.11559952899402391
38070,2024-12-12,0.07435832428154557,0.11321582710395417,0.08938785981889596
38100,2017-04-17,0.11389613754110332,0.07252252511501694,0.1465536639192968
38100,2022-06-10,0.12434266663539575,0.25838446734728954,0.18823547104612065
38230,2019-05-16,-0.021925951516549375,-0.014264835813141178,0.03678195686756265
38410,2024-08-02,0.08487584051036942,0.3,0.24945241363430137
38420,2020-01-06,-0.015540232076214562,0.051428607706569054,0.08052513683937049
38530,2017-06-06,-0.018258766488830826,0.008625677273276105,0.001311387060433742
38530,2017-07-10,0.022493954777351225,0.049966184444568594,0.07324972044830019
38530,2017-08-25,0.05221270220890548,0.10067889716689754,0.08584710178753231
38530,2025-08-29,0.038276991783147106,0.2290183218566877,0.10300091772313444
38560,2023-04-19,0.054749396053083335,0.23019227750133606,0.05539362054439447
38960,2023-01-27,0.10141229237361345,0.04667817240867621,0.11487719852006097
38960,2024-01-18,-0.01474859059034303,0.15085842432371843,0.1851425507158307
39050,2018-07-24,0.020156798685880516,0.14965912719490332,0.14368480020097674
39050,2024-01-22,-0.005199560649891562,0.05865837701098951,0.05774743043955559
39050,2025-06-09,-0.14688458002110794,-0.10169820664598113,0.005617790773922963
39050,2025-07-15,-0.02675531159328328,-0.10757294802109717,-0.2311530517785343
39060,2018-05-21,0.15234941997734477,0.08294065660768074,-0.12481231108170955
39070,2019-04-02,-0.03948499295877594,0.007991332741730415,0.02649478985753262
39090,2017-10-25,-0.019181124705875564,-0.03776520784497658,-0.02113065013988201
39110,2020-05-20,-0.0694141515430591,-0.022904046140670046,0.09302817999068771
39130,2021-03-16,0.048389954593104786,0.09200860163411254,0.15407137281587022
39270,2020-05-27,0.027003586094016836,0.04193735637116011,0.10309675304427623
39330,2019-11-26,-0.01871805094338351,-0.07623137951952597,-0.2522762894284707
39350,2017-05-22,0.04204246022332814,0.06343341129608303,0.09221690095589469
39360,2018-04-25,0.1379453386823802,0.20863289960422277,0.16287920444367054
39360,2021-08-02,-0.18837242770685045,-0.2003958605875314,-0.3
39360,2021-09-03,-0.05989254651772144,0.033481076980920614,0.10906985624030924
39360,2021-10-18,-0.14933526977240266,-0.3,-0.3
39360,2022-03-25,-0.09383332848279759,-0.2028930407494303,0.09666942073225665
39360,2024-10-17,0.06867354547269842,0.06453730034752339,0.01754649837659137
39370,2017-06-12,0.0035280007590496056,0.05317442182403214,0.0393304988251322
39400,2017-06-09,0.04213260509511448,0.03954327173854707,-0.052984512367114996
39610,2020-06-09,0.005975507159217224,-0.07496823883164569,-0.07301758019905984
39670,2018-01-24,0.05216427957595704,0.09056067155730446,0.05322701479841477
39680,2017-06-12,0.029438603846996397,0.011431693853376215,0.005640828945408648
39870,2019-01-28,-0.009707283758978806,0.02743142540668704,-0.015846996314043016
39870,2023-02-01,-0.036285114197993344,0.008745283604463397,0.03638375218922744
39910,2017-10-30,0.04195656040487311,0.022666330901805073,0.06639075198427319
39950,2022-07-28,0.06902223381058441,0.05258852890532937,0.053183511293872096
39960,2021-09-24,0.07867971671839367,0.11396092433678238,0.11657849933390466
39960,2021-10-27,-2.9115511708368083e-06,-0.015149001093897132,-0.023085409952676474
39970,2025-08-22,-0.01724500699040651,-0.25217035779090546,-0.2788146941804011
40110,2023-03-03,0.04036467125870581,0.007659563900020257,0.01299522171948027
40110,2023-06-13,0.04544559214740694,0.022910827203486576,-0.031793986968547794
40110,2024-03-08,0.04677516164081587,-0.01419651060830171,0.12521684734355287
40220,2019-03-04,0.026359116354671443,0.09891764107159748,0.09964473207745472
40510,2020-10-16,0.14664929838669344,0.21743441929911314,0.1623751554224151
40520,2023-06-14,-0.0671467972667861,-0.3,-0.3
40540,2020-10-08,-0.0459013841493103,-0.3,-0.2713087204812904
40640,2022-09-01,-0.009368971104113201,0.015197857214822946,0.022606014101278278
40730,2024-06-20,0.009185042268123495,0.008018174407573499,-0.0028616471531494776
40750,2024-01-30,-0.012761125165402471,-0.00013784079523633704,0.01799465064092554
40800,2017-08-25,0.04008708231795519,-0.015273672137548763,-0.05414405174127411
40800,2017-09-14,-0.07455277072313127,-0.06111723237428016,-0.0076389483817688
40980,2017-09-20,0.02467617354387074,0.060563395068535114,0.07165715746629749
41070,2024-06-18,0.22407967509916815,0.3,0.2915119552330428
41200,2020-02-20,0.004710873146835356,0.14912461938737503,0.22419451005291016
41240,2017-11-28,0.1976326371495086,0.25685119686057273,0.22498136415169628
41240,2023-06-01,0.020844603567007756,0.08706610899483715,0.11187681331074276
41660,2023-04-14,0.11161741786245125,0.16645888717204638,0.23567846035775375
41670,2025-05-13,-0.052989221787421485,0.03989018644600544,0.07160469886349821
41690,2021-10-21,0.028041730112050876,-0.07128320211757475,-0.0258534799401369
41690,2022-06-28,-0.03119752528300593,0.001838108823840709,0.08143244990283727
41700,2022-04-07,0.0006832996851379217,0.07430849176679123,0.033392909224183025
41700,2022-09-08,0.10106812052251171,0.13647981433056014,0.11625811972163089
41920,2022-07-15,-0.04566526854114379,0.04419191045547197,0.03749278091713083
41970,2024-01-24,0.0031147754029082625,0.02658350322174395,-0.00387365696181673
41990,2022-04-22,0.06586019739242856,0.03769386428650909,0.1471774344444432
42220,2017-07-28,-0.013836469605638932,-0.044080558347917055,-0.04407861830666734
42220,2017-12-04,0.030188763669072517,-0.03644318653064986,-0.0777582847233209
42220,2025-05-23,0.012100819540073878,0.11338055463906482,0.12809839528180017
42350,2017-02-03,0.07179988521939831,0.11710069199495218,0.108434597183295
42400,2019-09-26,0.03788733611624032,0.03315308242084926,0.09853980305820485
42420,2018-12-11,0.12091842753088261,0.12129826311583494,0.05181535569632128
42430,2020-09-16,0.016989024681812858,0.0647100979628312,0.12660966461711437
42510,2019-12-27,-0.12390767654924902,-0.29038822476151577,-0.3
42640,2023-02-10,0.04434833894463611,0.048630806240461726,-0.10920742128658972
42680,2022-04-04,-0.1289264895931385,-0.05357100332475671,-0.12913868885753887
42840,2018-01-09,0.033637190447960534,0.06500945896324054,0.10867329777360815
42880,2017-02-07,-0.005667740693500325,-0.07353134663857187,-0.11955205366305702
42880,2017-03-09,-0.004848952110455381,-0.014244965461232238,-0.02494903859365366
42880,2017-05-22,-0.03651400132502891,-0.15400527338708625,-0.06226318671870008
42880,2024-07-17,0.06994157373743015,0.0805178034220837,0.11331466630951215
42880,2025-04-28,0.2286919986684083,0.3,0.3
43160,2017-07-13,-0.03895332002429104,-0.3,-0.3
43160,2024-09-11,0.053625902827397445,0.12789167427134684,0.1956158038240367
43170,2017-12-13,0.04124723902981898,0.08675126795293217,0.12293605123044164
43350,2017-05-29,-0.02506956100670769,0.013246618599615024,0.0488851633400557
43370,2020-03-17,-0.11691349314494898,-0.3,-0.3
43640,2020-01-31,0.23949002839001005,0.3,0.3
43660,2020-05-20,0.00491017278126524,0.03137124364186622,0.032589480421553546
43670,2020-05-14,-0.01731708071185916,0.09366422937161661,0.08160129826933933
43710,2021-11-25,-0.017392976283069378,0.05001412935528187,0.07306140702561854
43810,2018-06-06,-0.0642641708976279,-0.14406813210396,-0.20602851481514664
43880,2023-03-14,0.010896329748143115,-0.01674871648745139,-0.00011160779189090756
43930,2020-09-04,0.0326507690080805,0.1699515165638591,0.1928817025711085
43930,2022-11-01,0.026323313524182754,0.3,0.3
44060,2017-08-21,-0.005141803814480107,0.023685084507206217,-0.053113774445115405
44160,2024-12-24,0.17482315577007937,0.2686344212609961,0.2885028722275584
44180,2025-10-29,0.07932991093481875,0.08347870434872498,0.09417171845937793
44250,2024-03-14,0.10778988363473155,-0.01575357985724419,0.09181529138720437
44280,2019-03-25,0.036252142101203505,-0.06803616570707312,0.005798393242811912
44380,2023-11-24,0.045357339165446306,0.05205776511457976,0.10964800503836655
44440,2023-03-17,-0.23750603896804373,-0.3,-0.1567296007193956
44440,2023-06-23,0.03365622671966279,0.05287181972504075,0.014643209115054984
44460,2025-10-09,0.011267468165335488,-0.29046610801530287,0.09429322668078094
44750,2022-04-18,0.020646036996615734,0.07716527811092838,0.039432357326941565
44900,2020-04-23,0.06463436964113332,0.05345020601399572,0.09500629866902813
44920,2023-04-06,0.025692057641103494,0.013107508250923933,0.08000095240915235
44920,2023-06-09,0.01592822521323859,0.03308268885822187,0.0778233572565319
44930,2022-03-15,0.05556573902984807,0.07972893819248585,0.05866174938128799
45560,2020-02-04,0.016661048632992045,0.008759368106298017,-0.009495962250028323
45560,2021-05-28,0.04158644939429686,0.13768904368373827,0.18393955546239837
45570,2019-05-10,0.020984415954810758,0.06585498300977959,0.06475537507071523
45580,2020-02-19,-0.121926364046756,-0.001476239889433198,0.07725857163827043
45630,2017-06-20,-0.1566719467056584,-0.09835727166488173,-0.08506130770080297
45630,2019-03-15,-0.019426391091593838,-0.02376138275503495,0.016227884743191083
45630,2020-05-12,-0.003016330064538702,-0.07819396074244146,-0.18788853992300583
45640,2020-06-15,0.013588237339150294,0.04952088282642451,-0.07223347295841376
45710,2018-01-26,0.04028975427146271,0.07191603310515195,0.04561179748280473
45720,2019-07-16,-0.014369367825744024,-0.0216895188258936,-0.010800389243766698
45750,2022-06-15,-0.23596137577846887,-0.3,-0.3
45750,2023-02-10,-0.06561852554596734,-0.15231429761710508,-0.14496953800271256
45750,2024-09-19,0.009404425754917053,0.11638311038504597,0.1416314470785896
45760,2017-02-14,0.10951282580620245,0.029659256021554684,-0.3
45760,2024-12-24,0.13217765312457677,0.08442807205464699,6.371878840498099e-05
45790,2017-05-23,-0.17785727446537924,-0.235720932107844,-0.3
45790,2017-12-25,-0.08670340193903738,-0.2447109560866367,-0.3
45820,2018-10-24,0.07036460385560678,0.10445256837423327,0.051888706953005875
45820,2021-02-02,-0.00843235868356243,-0.07474830425544532,-0.3
45820,2021-06-10,-0.07559686180703946,-0.08250004059332787,-0.1415188928046257
45830,2024-12-02,0.047809034054078034,-0.03137908708732661,-0.20303252771308689
45860,2017-04-21,0.013856394641644381,-0.011744460076278364,0.018987307515086566
45860,2017-10-31,0.09036426802611706,0.17655135444081935,0.2359320384666981
45860,2018-08-31,-0.022109727204059258,-0.12064261829750873,-0.10084130038305214
45860,2020-04-21,0.02131469691159765,-0.09624400209004857,-0.021823105693870554
45860,2023-02-16,-0.061612386822334844,0.06261818070475919,0.10336462753919613
45880,2019-01-18,0.11891297722967335,0.1353458246465723,0.09955709392674285
45880,2019-02-18,0.062317575793956574,0.020919302410928913,-0.25156870591111086
45910,2021-12-02,0.1570154046867795,-0.02054307889808943,-0.17608767341854872
45920,2018-11-13,-0.009252673051541692,-0.1213853712699402,-0.17678732097237013
45920,2024-07-02,0.024020829126869172,0.051309068275943545,0.03942798096079246
45940,2019-01-21,0.00459024301032224,-0.013960933723239918,0.08151992435118496
45940,2022-11-14,-0.05659208306807085,0.0351586865952188,-0.09407146468003688
45940,2023-01-31,-0.04754581237318575,0.011065463690369117,-0.05133453341923189
45950,2017-03-02,0.028825783130616983,0.035542592873363685,-0.09277044001517855
45960,2019-03-26,-0.07273159698136772,-0.10234425918105489,0.13214574526432096
45980,2020-04-28,0.0785366138051844,0.08291375742183633,0.16903514916205042
45980,2020-06-05,0.00036224287349137865,-0.05783042391205663,-0.022694408947373675
45980,2023-10-30,0.028150772486266504,-0.12378087229274873,-0.12906865376177856
45990,2021-12-29,-0.01812445599354108,0.03327921176929962,0.0046614584089178755
46250,2017-08-10,0.054502499827534225,0.06772611505368384,0.004924182139932567
46570,2019-05-07,-0.16585621468599598,-0.3,-0.3
46570,2021-04-20,0.12220799094138651,0.21804668320842896,0.3
46640,2018-02-08,0.07318535685957415,0.10497208312342328,0.09768221038950445
46640,2018-03-19,-0.006107023139961835,0.007756760401083557,-0.05841963797258361
46990,2019-12-10,-0.013122362013996169,0.05621206402842316,0.14146883910420083
47120,2020-05-21,-0.0021711634916713445,-0.01179885249669907,-0.05462957955943641
47120,2020-06-26,0.013388139091546004,0.015313145644163615,0.09178288085125125
47280,2017-06-19,0.09016116798950574,-0.0019610989660643723,0.038047417799888364
47360,2020-06-03,0.039270383253569734,0.10262654075824659,0.12329419463807972
47610,2024-04-08,0.014194306066901386,-0.3,-0.3
47640,2017-10-17,0.011021772258505454,0.0799337101732696,0.09930857800522926
47640,2018-05-25,-0.06337747542215995,0.012057774211813772,0.05259747439055723
47640,2018-06-14,-0.1230627398019048,-0.023243971214109548,-0.06495627985951748
47640,2019-07-17,0.04433134462616882,0.05224775869656811,0.07273557263809367
47720,2017-07-06,-0.03430865658942472,-0.03463868089912102,0.04725800788836809
47720,2020-06-11,0.01792414888822687,0.08052413641637904,0.00976089454087085
47720,2020-08-04,-0.007763760670679994,-0.05692313342296144,0.07050211862558871
47840,2024-07-05,0.04541579769004804,0.0703962827347168,0.12138803493633182
47840,2025-04-24,0.0060963240529217115,-0.10602642295282783,-0.07041914215389902
48140,2017-06-26,0.03866303595689675,0.06451389249916004,-0.05037471708463781
48140,2022-06-20,0.020091814389005116,0.10936437710581604,0.10288264319064261
48140,2025-04-25,-0.02228412620009982,0.013412255622930375,0.05729943201974716
48240,2018-01-24,0.04021966582628911,0.06307904768578881,0.04018999165308837
48330,2017-07-07,0.07528010382032162,0.1000405172973929,0.09079703841392053
48330,2025-09-09,-0.12282140360193054,0.029710918312388673,0.06765132001126495
48800,2020-06-26,-0.013851408412848942,-0.046131094973431735,-0.13835355574585934
48820,2023-09-26,0.03025170174580684,-0.11305778893309662,-0.26008675298075984
48820,2023-11-22,0.12111537122806376,0.1590862437323209,0.13755958843018737
48820,2024-07-29,-0.12014759809251382,-0.17065466601169868,-0.12291032305953187
48820,2025-03-25,0.061239017828193465,0.24362436228773787,0.3
48830,2024-08-19,-0.05884876406127614,-0.10189402462868276,-0.027012935145409995
48830,2024-11-01,0.07883927660715163,0.09379798719571819,0.17630951507069823
48890,2025-01-21,-0.20798225820188992,-0.3,-0.3
48890,2025-06-10,0.06881269656577037,0.05575741272151287,0.09184905071597729
48910,2023-06-20,-0.02924573607871113,0.07325130189659289,0.16515639233483317
48920,2023-03-17,0.02940575425137508,0.03832929268851577,0.10599059895416071
48920,2025-02-25,-0.07705707506591453,-0.2765197655602947,-0.1124346675054811
48940,2024-06-05,0.028922449372441275,-0.11175074755444467,-0.28599472558386707
49180,2021-07-09,0.035132411662306684,0.11292838664166506,0.15862571741966794
49350,2024-05-30,0.007965712804528942,-0.04437896336837098,0.09164148969065794
49350,2024-07-24,-0.02004152927539027,-0.0934009555326773,0.04780280296260731
49350,2024-12-20,-0.2140083728290853,-0.3,-0.3
49350,2025-06-04,0.05948062831440576,0.014834593305541056,-0.005343009066315919
49350,2025-07-17,0.024122676541022337,-0.2100916921711195,-0.29551120683412657
49370,2023-05-12,0.05248210377716343,0.017980137397902596,-0.059829859534078406
49990,2017-11-09,0.0532621105722024,0.030938396245899738,0.02295308229798837
50090,2019-07-08,0.112292514451855,0.11940907965852993,0.21241967870040232
50250,2022-05-24,0.011610319771617472,0.06952190920442683,0.08783055943316721
50250,2023-06-23,0.03782281570942809,0.05191587599211679,0.08186583525716426
50250,2024-09-18,0.011001041440320857,-0.005384318502584598,-0.0037955839463200067
50320,2022-10-04,0.022658270117148823,0.11521006233108938,0.07087821723755468
50350,2022-08-09,0.1365039992845483,0.18311270370230262,0.11859936876848
51310,2024-05-02,0.03641257047596302,0.0215783142911476,0.03834099084759055
51320,2023-01-31,-0.0970282858932063,-0.0624963818558417,-0.05989565673519559
51320,2023-03-08,0.03760387889098737,0.10109783537896604,0.11032352086098042
51890,2023-04-12,0.08610303992825614,0.10455003986903082,0.19611246036632987
52120,2020-09-04,0.11686493560756195,0.15709227025444794,0.21077842407503847
52120,2020-11-13,-0.18679237990901437,-0.3,-0.14386097100660641
52160,2018-10-03,0.0008649350543236477,0.045418467983673744,0.02906574720983148
52160,2024-04-23,0.04719662861231179,0.13076393395661529,0.11540306867618566
52160,2024-05-30,0.12451211484987577,0.0794949016872848,0.029360990569640304
52400,2024-02-26,0.09883148326496939,0.0673305782795238,0.11908603595524087
52420,2024-05-31,-0.009035380790742904,0.029996441662257754,0.03418809813609557
52430,2023-02-16,-0.004734855751255219,0.016409550625161334,0.07931770671808176
52430,2023-03-09,0.01067840181186181,0.014025981680854394,-0.012225136225751755
52430,2025-01-24,-0.06040402413604703,-0.25016822951371803,-0.26123201778343197
52440,2023-08-24,-0.028881971121899875,-0.00947029922444434,-0.09324079374340616
52460,2023-01-06,0.09488582434960548,-0.040408037998230756,0.012908623978635663
52460,2023-02-03,-0.1166154726042485,-0.006662897087754261,0.02971047828254367
52460,2024-02-09,0.037781339345499765,-0.027785813831002877,-0.1683339964104553
52460,2024-07-03,-0.00880864160640376,0.026932825679926574,-0.08768759689955802
52460,2025-02-06,-0.034977530561632976,-0.07669674095542772,-0.05665132817889729
52470,2023-03-10,0.01311937903714847,0.10529604864450955,-0.00836501613713364
52470,2024-12-11,0.026421985126657513,0.003490392439553065,-0.06000486337626238
52770,2017-08-29,-0.013755478210051453,0.027468411388649146,-0.015290140085135864
52770,2025-01-31,0.029154707451459608,0.07511916204439208,0.044161842350213434
52870,2019-10-17,0.02337495712228092,0.027473176520249873,0.054571724525170395
53370,2020-07-28,0.0550150579367812,0.08877538654529388,0.040842372868602074
53370,2020-09-09,-0.015894155035091295,-0.027583721685134635,-0.01864811717079891
53810,2017-08-25,0.05012447730396639,0.05496651118813295,-0.14999764232699797
54910,2020-12-01,-0.00900801970710394,0.08563263910753387,0.1012149235321049
55350,2024-06-18,-0.019011029721408765,-0.0026904969461619887,0.005971007486340645
55350,2025-02-21,0.012647023377794133,0.2754938334413553,0.3
55420,2021-03-09,0.07303865484754074,0.09786341228988366,0.11884104844046323
55740,2024-02-19,0.03660426957163477,0.05869912195324847,0.029730384048998124
55740,2025-02-07,-0.006498791128630001,-0.04353302821892335,0.044048190038415
55860,2024-03-15,-0.22386321340285734,-0.149917067928975,-0.09647750685204105
55950,2024-02-09,-0.2024294671460638,-0.3,-0.3
55970,2025-03-03,0.01465788099261493,0.0906150761757102,0.04722474149497841
55970,2025-06-17,0.024331580426237308,0.052396870481629686,0.010150513658854311
55970,2025-08-07,0.01601067250126546,0.06820145490720968,-0.017390352144545346
56100,2023-09-01,0.0825737771007764,0.0846763471673313,0.10205344429707058
56120,2019-07-09,-0.020788757806600583,0.03277357586836816,0.10047217491974204
56140,2020-10-12,0.014768257297561274,0.0035665920892596,-0.03019647254593158
56160,2024-09-06,0.08715395316268877,0.12012350949234296,-0.019297707772393917
56970,2017-10-30,0.02620914106396693,0.03473388154319072,0.08345981430880994
57040,2017-02-27,0.020606128941471544,0.030457976384646843,0.1276756954624239
57040,2018-09-04,-0.07195040331924143,-0.046540038398478104,-0.10990848191197511
57810,2020-10-05,0.010225507556602623,0.11456015359039416,0.13461808260574057
57810,2023-02-21,0.0362728710609533,0.10198723011578749,0.04173215020890672
58170,2017-04-26,-0.1527945355493749,-0.25421402212668287,-0.08907419996071347
58170,2020-01-24,0.02552267858733538,0.08554650761374084,0.08907816962344063
58170,2020-06-19,0.04716494886080387,0.09670626861491251,0.0934942592005697
58200,2023-03-29,0.0767492696710581,0.038524044474989826,0.06462937398635335
58850,2024-03-06,0.08158422141663518,0.19558588662587,0.1451819597140729
58920,2024-03-14,-0.033514089196311804,-0.09138227099724722,-0.24766191927131184
59500,2017-02-17,0.003870392298579276,-0.0028620842399578253,0.030055330090072174
59500,2017-11-06,-0.006089379839251653,0.09666173041579684,0.06860357314643702
59500,2020-09-18,0.0348146131859422,0.13533416629229306,
59500,2024-06-25,0.04220179991525567,0.13036283801374587,0.09215446189029843
59520,2020-09-16,0.1935192716690458,0.28290601730419856,0.3
59550,2023-06-02,0.01289820248565361,0.07138573228643018,0.05427876230394661
59740,2020-12-17,0.046188343938605866,0.11939892751140456,0.08088841885583194
59860,2017-09-19,0.04552181299622544,0.03506216975800833,0.047791116337744195
59860,2020-12-08,-0.014100403507663287,0.057415658491919846,0.06377974050992143
60160,2020-09-02,0.027348216988834974,0.14682576139180042,0.12970621708074556
60160,2023-04-10,0.04193670312302479,0.01823468527860641,-0.01886161101553236
60290,2019-09-11,0.10516209960154754,0.22741572158530474,0.26147280603493966
60330,2018-08-10,-0.18794791797866575,-0.3,-0.3
60340,2020-04-14,0.038074164238943185,0.020599070296823046,0.061683143804874274
60640,2018-12-04,0.046587399347948956,0.06368216015245058,0.10805425863368309
60670,2019-03-19,0.005058295403636932,-0.1691386949437634,-0.3
60690,2017-04-19,0.11960817167081855,0.23269351029522486,0.23651149520872078
60690,2020-08-26,-0.015299545466597744,-0.050463233662054185,-0.11451749450405599
60720,2023-12-01,0.06113612359563258,0.07293019230231129,0.074869256875255
60810,2020-12-01,-0.033803559337870354,0.09375481723308614,0.041830634443620646
60900,2020-05-12,-0.03248641309008991,0.03657531952860858,0.056702698805017285
60950,2025-05-26,0.008711314009808298,-0.0036295762358036533,-0.016426132528423752
60960,2019-11-26,0.022904732533582953,-0.10663989825933573,-0.12011910996985418
61490,2017-08-23,-0.07841448866590939,-0.030651226585268802,0.07050811250334513
61730,2023-09-05,0.03793085422556946,0.20342867670517206,0.24846383403568775
61760,2018-01-15,0.024693869591679997,0.05065921447365289,0.06405604970381173
61770,2018-05-28,-0.05496567480978166,0.015208605540463119,-0.21115409073654798
61770,2025-09-02,0.08929987725572455,0.12274811304796007,-0.026405974068587523
61930,2018-01-17,-0.023106714703951217,-0.018712747746386003,-0.025339947007142108
61950,2019-06-05,0.03823964543160103,0.10202024596321327,0.07844551321627719
61950,2019-12-16,-0.03695856154599917,-0.014195509296473608,-0.04152265963425003
61980,2021-05-21,-0.06992972168156854,-0.020639188338365665,0.00826569615505144
61980,2021-09-16,0.0874779252627959,0.13123038320444938,0.11339192987788807
62030,2017-10-20,0.03467421486316658,0.15282042508973936,0.09139576844332745
62080,2017-04-14,0.09307603773710926,0.11070396556472577,0.09310003103837267
62080,2017-10-10,0.12600697506936004,0.07892421910192368,0.04694567863978338
62270,2023-11-28,-0.004413718181368929,-0.06519812229402437,-0.043326049102786826
62280,2023-12-06,0.05705248720574311,0.04580906601326337,-0.0517448337284639
62280,2024-01-04,0.04570082493422527,0.03461346954477918,-0.0771519287276221
62280,2024-04-15,-0.003987624703957429,0.02075494197743961,0.14417855757965645
62390,2019-11-20,0.013691101974510263,0.06573418573354495,0.0660923588522466
62540,2017-02-24,-0.1788333626350645,-0.25156681299386335,-0.08263827766504173
62540,2025-01-17,0.050618752370313116,0.004825965632891982,0.011047996860855152
62760,2018-03-12,-0.04152759425850047,-0.03292224548938301,0.0679867824413628
62810,2017-10-30,-0.17518461647269984,-0.2330035760411499,-0.2825627886806176
63120,2025-07-25,-0.01098855688616978,0.0012030296268746056,0.033112235096995096
63340,2017-05-15,0.042006887093794375,0.025005788605275928,-0.03933574768648041
63380,2022-11-21,-0.005578576633689356,-0.3,-0.3
63780,2019-12-11,0.049890390748962586,0.04294712265665028,-0.007401695582141501
63840,2017-09-26,-0.0015313584495290295,-0.14601091975687366,-0.056777220737482356
64000,2017-12-13,0.07244833156647779,0.1140597002226372,0.10493312052079122
64000,2020-11-26,-0.17385965788660446,-0.3,-0.3
64080,2020-01-24,0.03029241542944062,0.06014446083011517,0.08609936845384993
64330,2020-12-14,0.08749931384555121,0.18141703246492147,0.21004530678118893
64670,2018-02-06,-0.13867741726823077,-0.1337880611164402,-0.10741350743041264
64690,2024-03-11,-0.016094135955698738,0.062083504728815776,0.05318847268077899
64940,2018-01-23,-0.012510656006236581,-0.008231858812410233,0.015478484574965121
65220,2021-11-10,-0.12118056086126386,-0.3,-0.3
65220,2024-06-11,0.08308054133711436,0.11783967826803919,0.1201998455380364
65310,2019-01-24,0.03000494216200383,0.1369965436232507,0.17113411695351766
65310,2020-09-01,0.06775632850042224,0.09612550301877462,0.1914853726946329
65330,2017-12-04,0.004558018457744275,-0.0024857017582811565,0.024074341438997348
65370,2017-02-28,-0.033302760634835504,-0.006740775297683537,-0.04254001504753281
65410,2017-03-08,-0.035322456625992024,0.1443196074093899,0.139723215782171
65470,2020-04-01,0.01006179921670796,0.013431266087099127,-0.028475973463585942
65500,2022-09-29,0.020175168062468087,-0.3,-0.3
65540,2021-11-12,-0.15154119513438957,-0.3,-0.3
65570,2023-02-13,0.024626756578359322,-0.03151068420351086,-0.14671691322973945
65670,2023-01-20,0.0322932888279248,0.011764350855496486,0.025682304478953786
65680,2023-02-21,0.0384995917087266,0.07659683104117788,0.06553203453510689
65730,2020-06-26,0.09481504551845242,0.1298236351546532,0.14090875497712535
65730,2024-04-22,0.10984012493579008,0.06166025651726689,0.1463366247452832
65740,2025-09-01,0.13189372753162032,0.1837438944933148,0.054860125814608536
65780,2023-06-01,0.030882067340245865,0.04331124930727083,0.04875388972270281
65790,2020-08-21,-0.16860369059757868,-0.3,-0.22887111890703185
65790,2022-03-11,0.032612506967260604,0.22802208404522936,0.2704096527728586
65790,2022-10-27,0.03077466314536203,0.07428787002072483,0.11396274618910883
65800,2019-03-12,0.11192973814516816,0.16182296340671903,0.1739184387497421
65840,2019-11-12,0.006292978336681531,-0.15978736142494113,-0.11738005713219131
65970,2020-01-17,0.06922192353382306,0.055426840625383916,0.1029487730992013
66140,2021-04-01,0.030043609780402818,0.16035186045209315,-0.00010585630854646061
66140,2021-04-14,0.03363627454689952,-0.02683799311660622,0.004730418814353134
66140,2021-06-04,-0.07017076078886467,0.045620826607245465,0.061401253466169245
66180,2017-09-21,0.04304907902690989,0.06682142978675647,-0.13287325909111353
66190,2022-06-29,-0.00973673803065187,0.13862142404507016,0.17162499431220507
66260,2018-01-10,0.004176606540251144,-0.026304086256572327,0.05127585407354808
66280,2017-06-29,-0.07330286519486294,-0.016329936983585907,-0.02262962866010721
66350,2020-02-07,0.031192884473758807,0.07999673007483493,0.042345019092409064
66350,2020-06-02,0.02766683595277318,0.0824375448281503,0.01031824846781499
66350,2021-01-04,0.033241595773219314,0.03381886120095369,0.011644712140051416
66560,2019-12-17,0.027543303581549154,-0.031685809791764136,-0.18238572870539868
66560,2020-02-13,0.0552718131367627,0.10934879334547996,0.028110333166747915
66580,2017-10-10,0.03254605002948758,0.06076153967608641,0.05413866109592368
66580,2020-10-20,0.0007628858955900262,0.09260886086691705,0.10135971553541515
66590,2020-09-14,0.01521122526632221,0.0858447184032899,0.08433975374079458
66590,2021-03-23,0.04831477345571002,0.06538111187491472,0.06599191767265433
66590,2022-04-22,0.040531562954998726,-0.07426453751233211,0.11505125611701948
66590,2022-07-14,0.005548426116211007,0.0962187388928325,0.17204472314179592
66590,2024-04-15,-0.016006855473188156,0.048915887340487754,0.015696350534365317
66630,2017-03-15,0.020492017175800573,0.071342388694707,0.04192187280048015
66660,2017-06-14,0.040864030341064304,0.07644194025654326,0.04413821367624131
66960,2023-02-01,-0.17700576892453918,-0.07909739981407589,0.013647455678619618
66960,2023-06-02,0.03975770661788498,0.05817038845359067,0.18183216944568997
66960,2024-04-15,0.024207621738608118,0.07464814160622897,0.03193247591333355
66960,2024-05-31,-0.1405664083787555,-0.03311649304531875,0.0033182069171291332
67210,2020-09-28,-0.02829610648283003,-0.03864403777697739,-0.10183865343833534
67310,2017-06-16,-0.0014153835709802536,-0.0786193870877177,0.002785282988771419
67340,2017-05-15,-0.008402712536989132,0.024838487347631957,-0.0034582814351822354
67340,2020-01-15,-0.002401642407516805,0.00609640450518376,0.04901882578224512
67680,2021-06-28,0.037561306812977924,0.0329401221647117,-0.0006942356239598791
67690,2024-07-09,0.03839299456726527,-0.011857971701665571,-0.12461872329319033
67720,2017-02-08,-0.02179027347428392,-0.03116653739199178,-0.011939598105020221
67720,2017-03-15,0.01928612228186605,0.12112386188519843,0.059010935800160425
67760,2019-09-19,0.07123933466925117,0.09160269966468512,0.07836426324198822
67760,2020-12-18,0.05599287253132291,0.07668662367293845,0.08441532402833875
68350,2018-01-22,0.064205509330826,0.02355301764072721,0.04315201626735808
68350,2018-03-09,-0.10996692736766134,-0.06618188013612414,0.04180754092777321
68350,2020-06-19,-0.005586085293751861,-0.02898469305730621,-0.042831105956658566
68360,2017-04-25,-0.019212270735682213,0.08250263747251342,0.10187358161049596
68360,2024-08-19,0.0478495798243267,-0.3,-0.046140913559181665
68360,2025-03-21,0.010542998016832054,-0.022071969442667743,-0.026368064125532713
68400,2019-12-05,-0.021879528540616346,-0.042286629116832716,0.00751171867537207
68400,2021-02-02,0.005994383698854716,0.011319208955375741,0.0850478068130952
68640,2017-08-25,0.01391590445445954,0.03250612936612246,0.04405862287845198
68670,2019-12-30,0.04401410716500606,0.07597094743317297,0.046576731055295056
68970,2020-06-25,0.1446065600573913,0.17569880728130263,0.1081919527870812
68970,2020-11-13,-0.25755559426262226,0.1576331772491986,0.08560303181776655
68980,2021-09-24,0.04815605901067287,0.0534687707132737,0.055157123448947104
68980,2022-09-08,-0.1962910707298092,0.10235561379414584,0.02795607722111512
69010,2017-04-04,0.0264563367540295,0.07228124051625508,0.1112286922644365
69070,2018-02-05,0.03909253466561027,0.07368643353161883,0.0796635293500393
69070,2021-02-04,0.10974842334698415,0.2152140135203556,0.22963686006428216
69270,2023-04-27,0.02011440647418719,-0.08659438112718043,-0.15699864964553803
69270,2023-06-27,0.03406827166361116,-0.10406056011481729,-0.23490406039898237
69370,2020-06-23,-0.050775691717877595,0.04023503653467107,0.05762230048824297
69380,2017-10-19,-0.07437315822510764,-0.26688561978213055,-0.3
69550,2017-10-03,0.011614328631690186,0.05168502519279725,-0.0027303354476916047
69690,2017-09-15,0.03319911637317608,0.06539891614030599,0.08785433269478406
69690,2020-12-08,0.03221863345319808,-0.013711315072897714,-0.05837257937393313
69820,2020-12-02,-0.02756654801158977,0.21725395337904999,0.2676797390020667
69930,2021-06-16,0.043399006292539434,-0.12097172961763114,-0.3
69930,2024-07-08,0.0518760203602468,0.029698382160027525,0.03837295489362917
70030,2024-03-13,0.05921986487667721,0.010399059820902015,0.01405477343658234
70180,2023-08-14,-0.1717611417657081,-0.07474354433017727,0.0052228773301408495
70370,2023-02-07,0.015203308427895895,-0.021668929175102547,0.052391455715589196
70420,2021-06-07,0.05590558740387353,0.13874248570057168,0.21219395303039246
70420,2023-03-22,0.06823162159989914,0.08815097602789786,0.15968943185952533
70440,2022-04-13,0.09868358757063775,0.06623099150676648,0.00941235938383525
70480,2019-02-25,0.04531639342181609,0.04057728281435859,-0.029714473113250896
70480,2020-03-25,0.14565602541031064,0.17244061897160837,0.11035475608263753
70500,2021-09-24,-0.05093978185731996,-0.011133399268643108,0.052173398313323266
70630,2021-09-22,0.14422558458735804,0.25491470617019457,0.2444021305816356
70630,2023-12-01,0.06481259418386785,0.08088925430549093,0.09223809630291799
70660,2022-04-12,-0.2653141002271652,-0.10601536753730911,-0.2286608189102286
70660,2023-03-13,0.006831136797346534,-0.03346839510441958,-0.030876343119979433
70680,2020-06-25,-0.10011457322842482,-0.06895550490686561,-0.11565872433337505
70680,2020-08-28,-0.04444106364767069,-0.12731239442237074,0.003815060260283571
70720,2021-08-27,0.09385625022802586,0.1196148853826089,0.17033008750039433
70780,2021-02-25,-0.03995216483779678,-0.3,-0.3
70780,2021-03-31,-0.0168167559353239,-0.0861373400048738,-0.11208322392486153
70780,2021-11-08,0.1851372716404659,0.3,0.3
70820,2020-08-27,0.06509830007758827,-0.07553252742806704,-0.07280421830344347
70890,2021-08-18,0.09606440072275738,-0.024251233572824223,-0.07253008491417365
70930,2020-06-03,-0.017403213678853845,0.057976124942301165,-0.007871459462811592
70940,2020-05-26,0.005511974318312419,-0.0025520082895981646,-0.06260313881630661
70950,2020-07-01,0.03639550424138494,-0.05882412696843478,-0.03288137516593549
71380,2022-08-31,0.09010355614024382,0.10652919002836854,0.12302095967933852
71380,2023-03-16,0.005463015980136423,0.06529773670125211,-0.01757468225790449
71380,2025-07-17,0.05585320585843449,0.17205676621419502,0.205675747362986
72420,2018-10-25,0.012087154769081489,-0.053564903619996176,-0.0764090408898343
72540,2021-08-17,0.025092810073254222,0.13372387469961028,0.12204862698139089
72540,2022-01-06,0.12804895090982668,0.015127997303441375,0.04517407128334289
72710,2017-09-15,0.014172916360043262,0.026591377890913336,0.026835881056462518
72730,2025-07-15,-0.0038692821815185185,-0.039864614687763915,-0.04466408119029895
72970,2017-11-02,0.054888869189148114,0.07842539719296827,0.06830317085851786
73530,2020-09-11,0.007057188416801892,0.06139888729127238,-0.13037252093672752
73590,2022-07-01,0.11989739327403895,0.12466697903264999,0.07325392053413404
73590,2022-09-14,0.07106562458911576,-0.03577148281343063,0.09344967650837815
73590,2023-02-27,0.049132635766110426,0.03133910106972766,-0.20478791387437412
73630,2021-04-06,0.045408264577654144,0.003641992788986661,-0.1323579832293035
73690,2023-07-26,-0.04400088549222437,0.06627513479960252,0.07556380184880096
73730,2021-11-04,-0.11121473750815673,-0.1404211773662287,-0.10608614920643643
74260,2024-03-11,0.1943752826922327,0.3,0.22031187344128292
74480,2017-07-10,0.03754093491849669,-0.0018637843721063052,0.04655310137723506
74480,2020-10-26,0.026301096090063956,0.06913570435634604,0.09497131786386512
74620,2018-07-18,-0.020000758994655303,0.04942364188508868,0.11998277703193203
74620,2020-05-12,-0.008669660669265982,-0.001725629626100355,0.013229335857204831
75190,2017-06-29,-0.022820752697983886,-0.14141762082241408,-0.09228923702544278
75190,2017-08-30,-0.05967035742427797,-0.05961639934411101,-0.059668900926322224
75670,2017-10-17,0.08199133434119868,0.1552587609379617,0.14123237698053134
75670,2019-10-31,0.030214311243933666,0.05100438466892167,0.09979108888596046
75770,2019-10-07,0.00545256288188135,0.041587218366071814,0.05779869734252835
75770,2020-11-24,0.07969569629335337,0.1130719902060052,0.09102379384764415
75850,2021-10-15,0.0403221891583449,-0.1706751374724271,-0.0895212573143296
76030,2025-06-25,0.08825743139276021,0.09688082029809524,0.1732309486017603
76100,2020-06-25,-0.04206806407913849,-0.1679623060872467,-0.15732511344615724
76150,2025-08-25,0.24826120389061457,0.29210844416903997,-0.007588098034649142
76230,2023-02-09,0.0005790332771334612,-0.01616672266610194,-0.0052298693667946605
76240,2018-01-15,0.019945500122263406,0.004673845180509884,-0.0420936946995022
76250,2020-09-01,-0.04325395248363062,0.013988297808562224,-0.006597871182703434
76250,2021-01-04,0.039010969703093513,0.06822418143222499,0.0415337912735288
76250,2021-05-12,-0.003548079620235232,0.04065595781510624,0.0110806575295561
76700,2023-03-09,0.011095447833771427,0.04501954977389683,0.027737858282163318
76870,2020-04-24,-0.00466048529413501,0.14714930594495856,0.12386471407900256
76920,2022-10-06,-0.04295143573545963,0.15448954986215385,0.3
76920,2023-02-27,0.16465966804926885,0.28706244058056113,0.03332726218438099
76920,2023-04-13,0.02453389588116599,0.07837504696778212,0.3
76920,2024-03-05,0.06572873481265273,0.06370547756677883,0.1121411042630238
77070,2017-06-09,0.009028232503390654,-0.003777217455622682,-0.023160421229570967
77070,2017-07-04,0.04391550640511136,0.024621969072308268,0.047260731635362915
77070,2020-05-20,-0.03623472882875259,0.01992097924249497,-0.13985873196599172
77070,2022-07-21,0.059325883545006265,0.05014085642297881,0.08901764863212482
77070,2024-08-23,0.076712978743291,0.28728519466016367,0.3
77090,2019-01-24,0.07323685217322812,0.07483281913572341,0.16375273049791705
77110,2025-10-17,-0.14150301368629828,0.05776431048520121,0.1106382939754809
77260,2020-12-10,0.03500866272515653,0.21489160034947355,0.27806340286907355
77460,2017-07-18,-0.009671791025348802,-0.013635266049144092,-0.03125998676438408
77460,2017-10-02,0.014525707645582041,0.011848744397788604,-0.0024750620472158216
77460,2024-12-06,0.09199665948982809,-0.03828472659323776,-0.008388443814735747
77460,2025-09-17,0.07403146588126834,0.12760575204403413,-0.056301598054478146
77480,2018-08-27,0.11363778358646667,0.13879789425324462,0.08704030816181774
77600,2020-12-14,0.08418561723288553,0.08568801921013504,0.11173897393877362
77760,2018-02-27,0.0028319593180473365,-0.24754103297838315,-0.3
77760,2023-01-26,0.020192988165793433,-0.0003318095013534936,0.06672842284284053
77760,2023-09-21,0.027963940036752146,0.119656704735073,0.06344147590610201
77760,2024-07-09,-0.1562725549369938,-0.2530533354776745,-0.3
77820,2021-01-05,-0.007026018578674728,0.07136894851720191,0.08947881112631229
77930,2023-04-07,0.06138524947734856,0.09404140325808838,0.0847107621339271
77940,2022-11-29,0.007110063233134542,-0.01906332302464545,0.09291397654897986
78080,2021-10-27,-0.03342950751789221,0.08598115884403348,0.09662171543580791
78270,2017-04-12,-0.2346360575271582,-0.03744435574272986,0.13989110342297956
78310,2021-04-19,0.030777249860604483,0.06225960336228914,0.03403921319220423
78510,2019-01-21,-0.0632538936997718,-0.0277079855925183,-0.06325779995923461
78510,2021-01-29,-0.014872227347503444,-0.011907353784475189,0.04604944296125353
78550,2017-04-27,-0.008231492358106092,0.08399150102175458,0.026153492917949273
78590,2017-06-05,0.04647988248489749,0.1133967035191121,0.14187702697949264
78590,2018-08-29,0.0642434033818116,0.08664262551648234,0.08692147186590868
78590,2018-12-11,0.0019970885034684104,0.05044369177910349,0.12905280805431368
78590,2021-05-27,-0.19219384274283102,-0.09501239373497333,0.0227306043785381
78590,2022-08-05,-0.03212613985075107,0.0650864914934408,0.0428893978679965
78590,2022-12-01,-0.05146811660419319,-0.042015287425029024,0.0001336139793755159
78590,2023-11-10,-0.006478888413514648,-0.12931206635798628,-0.11202011212745537
78780,2022-08-19,-0.14687302217344866,-0.04787890766476488,-0.29043680262307464
78860,2022-11-04,0.024647195425394848,0.08826372817950957,0.21555120802781366
78970,2021-04-30,-0.0852351054201299,-0.20080571701774674,-0.07001986464242688
79220,2021-01-08,-0.029804945821009687,-0.021404627662079435,-0.1055763934091225
79280,2017-10-25,0.006261173584239009,0.00907482154617071,0.007266715917847458
79280,2021-01-21,-0.09353713199310626,-0.012890747272356597,-0.049563657011215755
79400,2017-06-01,0.059436902789768445,-0.024598295435201225,0.0025011717474513716
79630,2020-01-29,-0.2523787155217315,-0.11341788679428069,0.17752766242238313
79800,2020-01-29,-0.2241735873166032,-0.11239224576863963,0.27891227780699857
79920,2021-02-26,0.12980128107718045,0.11885069617552962,0.12944799316010072
79970,2023-04-14,0.09105900069891201,0.2018292345138053,0.2422024902290142
79970,2024-06-26,0.0004616632061623413,0.014496613197054123,0.0031459402605475955
80290,2017-08-14,0.07341234931539029,0.03218517149505591,0.0742910680778778
80400,2021-06-14,0.01718675469495976,-0.08935982960419515,0.007007768239282529
81050,2017-06-01,0.012063427326405323,-0.06160972345786533,-0.08005908946449533
81050,2025-06-04,0.12697442484046034,0.1471753708076089,0.18746096115700905
81390,2021-12-03,-0.21664218530567303,-0.247538726428025,-0.09235230245071205
81430,2017-07-24,-0.011899747689297274,0.05595793785107077,0.11506788130714232
82020,2022-06-13,-0.038239952744730826,-0.03482879855600849,-0.02422619009132157
82260,2021-11-17,0.11043683797126969,0.09326279425534466,0.10688545347670664
82560,2017-10-17,-0.03886106840479661,-0.0498327722428163,-0.050558240868438895
82560,2019-09-20,0.030081337582262474,0.08994748667862404,0.10741354345706759
82560,2020-04-23,0.0765391315458953,0.07352894617147607,0.07256535378713838
82560,2021-07-16,-0.09910970016091501,-0.029550780125884205,-0.06029920112552949
82560,2021-08-17,0.2129941371280488,0.3,0.3
82600,2021-10-01,0.024127697785900674,0.026934152592125643,0.01821275266659387
85620,2020-09-17,-0.008667631307388799,-0.01538826451356012,-0.02506287362751755
87040,2017-06-29,0.009894781740375178,0.09738401858130714,-0.3
87040,2019-11-25,0.02725124708469077,0.05612666542201769,0.07968281165932382
87050,2018-06-06,-0.02097343117831694,0.043933645183531454,0.040999125069636086
87460,2022-03-07,-0.021375160113415385,0.08305031410788835,0.1270555337665369
87460,2024-02-26,0.0853737587334601,-0.025153333162577642,0.08017668502905267
88480,2019-02-25,-0.09098711788169528,-0.11845350121642538,-0.2500126934114713
88910,2017-06-06,0.022713343345554547,0.012635675295250098,-0.07178566208451967
89270,2017-09-13,0.17500677058931957,-0.1495421375567263,-0.14489527740380262
89460,2019-07-12,0.07727661979496014,0.0930122629303011,0.06251157503728967
89460,2023-03-01,-0.007069534934320496,0.02060400163913871,0.14974710556302992
91270,2021-08-23,-0.03749390973097267,0.05111111158493578,-0.031153021937997717
92270,2022-11-17,-0.10116220675464732,0.010741701934285463,0.051529227541568606
92330,2017-07-18,-0.007814924487631363,0.0955330124808366,0.08736670569209554
92350,2024-02-15,-0.0171456026517135,-0.1567304921728686,-0.3
92350,2024-05-15,0.10190880425803127,0.09576611869048157,0.08084249790287854
92350,2025-05-07,0.07217838276487247,0.2034935446513965,0.2267115887385123
92350,2025-06-11,-0.04285219881027068,-0.07079327466897677,-0.012078510072588628
92410,2023-09-15,0.04439877620285556,0.07081402388829128,0.03018878630126436
92440,2024-02-26,0.10691837846503528,0.18374706711997477,0.1246158970218319
92500,2022-03-16,0.0042114012792473544,0.041872643986443955,-0.04556230242637808
92540,2022-10-06,0.0016671063176641422,0.05185532338599591,0.022013869867878094
92540,2023-03-27,0.02663788431742171,0.05666233941929774,0.04426538208344526
92540,2023-08-02,0.03685525298210804,0.018001161987896686,0.050945463085941424
92630,2020-01-08,-0.055718945478922186,-0.02811100572164829,-0.11134059455532545
92650,2020-01-20,0.01001975434167922,0.06093215885323089,0.05920072160287654
92680,2021-08-25,-0.04901691279480274,0.023042924884253926,0.0335369214540268
92710,2021-03-08,0.0612906368323558,0.08174297894935698,0.12809409335200905
92710,2025-08-25,0.04509570597594882,0.09085505084123242,0.04023205888072275
93070,2017-10-20,0.04452765183524766,0.12850070585476592,0.162738297412975
93070,2018-01-15,-0.07060166198471904,-0.16910456777715993,-0.072344137056927
93270,2023-10-13,0.1890532236645686,0.18742264035671585,0.14974220048960926
93480,2023-06-06,-0.043087527127864005,-0.022096701287329046,-0.10362453234530164
93530,2023-04-21,0.05484552668192367,0.07129539987698487,0.06228951579622061
93530,2025-10-27,0.01380832534284622,0.0481294527656701,0.03274878721855952
93600,2020-10-05,0.08994887579948846,0.11672481031312763,0.24982092826320376
93630,2023-04-21,0.01782882459109137,0.019011564835722874,0.023949525697616162
94190,2023-12-07,-0.07355310020208136,-0.008128419091331137,-0.05469844248976643
94240,2018-06-11,-0.012676669239772103,0.1675142965048243,0.17366281977112946
94240,2019-06-14,0.10009991166121636,0.06754011628094364,0.13231389634666443
94250,2018-08-24,-0.030836126994371285,0.12317754007377894,0.17670249629917945
94250,2020-09-09,0.07810971343686222,0.056815283564934524,0.12756906989745215
94250,2023-09-13,-0.04949693804190037,0.008569377870554711,0.06918887286300923
94250,2025-09-11,0.0009181924047852532,-0.0842095413024748,0.2557831610929101
94390,2022-04-14,-0.0022639291189572664,0.00909305016563065,0.06626247536946775
95520,2022-08-10,-0.030616142407258334,-0.11716597457928736,-0.12146622881172282
95530,2023-03-01,0.0038625629893834805,-0.21468336400747506,-0.2492360634767026
95600,2023-01-27,0.024938648739910765,-0.10709969320913683,-0.12661393326612633
96100,2020-12-30,0.057723977481822876,0.1827767497554694,0.2517281288158043
96250,2019-12-04,0.003152554686782087,-0.001707268444217742,0.0034618321855087817
96850,2018-11-28,0.024931444216745785,-0.012402060980180731,-0.004047910229403904
96910,2020-01-15,0.05273759902593636,0.098429256419682,0.14574739024621083
96980,2018-04-03,-0.029838066030145258,0.09659599130050203,-0.04589700523672575
97020,2017-06-01,0.019223227576093196,0.048521362684456816,0.02698835123463086
97040,2024-03-08,-0.3,-0.3,-0.3
97640,2017-09-13,-0.16746804403440452,0.11390053635962448,0.13812683545578772
98200,2018-08-16,0.05878686005605333,0.0010923652669847864,0.04207147746129449
98270,2019-02-21,-0.036031761881467145,-0.021498591926800807,-0.05231129092399916
98270,2022-03-02,0.055775058566716974,0.05219418777878195,0.05141196127842549
98760,2020-06-18,-0.0299994372937556,-0.12642712580442061,-0.08893333947837709
98780,2019-05-23,0.21281064324617818,0.229372775918003,0.2561550033492775
98780,2020-10-28,0.06576801758494505,-0.019428715263762653,-0.027045973767903277
98780,2025-06-30,0.13181349477230775,0.04862031646347041,-0.06386203918119117
98880,2017-05-12,0.11441669085719125,0.12157361110008875,0.061472131683517006
99690,2019-01-29,0.09767062096436652,0.08878667048044972,0.08720227531715749
99800,2017-05-24,0.03250471598226171,0.04843191904018084,0.1150260332379118
99800,2017-07-04,0.17633219040166984,0.10840689899838094,0.18411590674882272
