code,date,r20,short_pnl,grp
13820,2022-09-02,0.46666666666666656,-0.058133808093118126,hatsudo
17240,2018-08-21,0.4652087475149105,-0.023771998305826034,hatsudo
18400,2019-12-09,0.4968152866242037,-0.0021738638812426017,hatsudo
21440,2018-08-15,0.4376470588235295,-0.007004928870617667,hatsudo
23450,2020-03-05,0.4286484543493889,0.10160800152129659,hatsudo
23450,2022-03-30,0.5090361445783131,-0.037684484090277,hatsudo
26730,2021-06-01,0.4140625,0.03723203141936782,hatsudo
26930,2017-12-01,0.4591346153846154,0.029805202123073006,hatsudo
26930,2019-11-05,0.449685534591195,0.025674086349217758,hatsudo
33580,2022-10-07,0.472,-0.23029458810424244,hatsudo
33900,2021-07-08,0.46153846153846145,0.06174357372054664,hatsudo
35360,2020-08-21,0.46902654867256643,-0.02698281091051009,hatsudo
36060,2017-07-27,0.42281879194630867,0.0038659262122834525,hatsudo
36240,2017-08-18,0.47553956834532385,-0.030451446166197684,hatsudo
36240,2018-04-02,0.5012510425354462,-0.00024666369511993974,hatsudo
36270,2018-07-27,0.4337078651685393,0.01801033084361094,hatsudo
36610,2017-02-13,0.4885786802030456,0.034593846439831266,hatsudo
36610,2018-07-23,0.4534336782690498,0.03010440976170441,hatsudo
36670,2017-06-06,0.44410569105691056,-0.07130748959153452,hatsudo
37100,2019-04-04,0.42088934850051696,-0.11581935282005017,hatsudo
37470,2019-08-22,0.40654205607476634,-0.2652383033865254,hatsudo
37470,2020-09-11,0.45905707196029777,0.018663000350361364,hatsudo
37470,2023-06-14,0.40175953079178894,0.020631393459457057,hatsudo
38530,2017-07-10,0.4545454545454546,0.022493954777351225,hatsudo
39330,2019-11-26,0.46923076923076934,-0.01871805094338351,hatsudo
39360,2024-10-17,0.4495412844036697,0.06867354547269842,hatsudo
39670,2018-01-24,0.498917748917749,0.05216427957595704,hatsudo
39680,2017-06-12,0.40907742509641043,0.029438603846996397,hatsudo
39870,2023-02-01,0.464102564102564,-0.036285114197993344,hatsudo
39910,2017-10-30,0.45744680851063824,0.04195656040487311,hatsudo
39960,2021-10-27,0.5162116040955631,-2.9115511708368083e-06,hatsudo
40110,2023-06-13,0.4973943254198032,0.04544559214740694,hatsudo
40220,2019-03-04,0.48991784914115,0.026359116354671443,hatsudo
40730,2024-06-20,0.48217054263565884,0.009185042268123495,hatsudo
41690,2021-10-21,0.4763231197771587,0.028041730112050876,hatsudo
41970,2024-01-24,0.4325744308231174,0.0031147754029082625,hatsudo
42880,2017-03-09,0.4416498993963782,-0.004848952110455381,hatsudo
44380,2023-11-24,0.44496487119437944,0.045357339165446306,hatsudo
45560,2020-02-04,0.44924406047516197,0.016661048632992045,hatsudo
45940,2019-01-21,0.5167464114832536,0.00459024301032224,hatsudo
47610,2024-04-08,0.503735325506937,0.014194306066901386,hatsudo
47640,2018-05-25,0.40121580547112456,-0.06337747542215995,hatsudo
48140,2022-06-20,0.49677419354838714,0.020091814389005116,hatsudo
48240,2018-01-24,0.4259259259259258,0.04021966582628911,hatsudo
48820,2024-07-29,0.4510250569476082,-0.12014759809251382,hatsudo
49350,2025-07-17,0.4372208436724567,0.024122676541022337,hatsudo
51320,2023-03-08,0.4239064610797969,0.03760387889098737,hatsudo
52160,2018-10-03,0.5135135135135136,0.0008649350543236477,hatsudo
52420,2024-05-31,0.503076923076923,-0.009035380790742904,hatsudo
52430,2023-02-16,0.47651006711409405,-0.004734855751255219,hatsudo
52430,2023-03-09,0.45488029465930024,0.01067840181186181,hatsudo
52440,2023-08-24,0.4072847682119205,-0.028881971121899875,hatsudo
53370,2020-09-09,0.4059829059829059,-0.015894155035091295,hatsudo
53810,2017-08-25,0.4748858447488584,0.05012447730396639,hatsudo
57810,2023-02-21,0.4238773274917853,0.0362728710609533,hatsudo
58170,2020-01-24,0.46153846153846145,0.02552267858733538,hatsudo
59860,2017-09-19,0.46153846153846145,0.04552181299622544,hatsudo
61950,2019-12-16,0.40552325581395343,-0.03695856154599917,hatsudo
62270,2023-11-28,0.4804974561899378,-0.004413718181368929,hatsudo
63120,2025-07-25,0.5006711409395974,-0.01098855688616978,hatsudo
66180,2017-09-21,0.49864130434782616,0.04304907902690989,hatsudo
66350,2021-01-04,0.45620437956204385,0.033241595773219314,hatsudo
66580,2020-10-20,0.5147058823529411,0.0007628858955900262,hatsudo
66590,2024-04-15,0.42666666666666675,-0.016006855473188156,hatsudo
66960,2024-04-15,0.44573643410852704,0.024207621738608118,hatsudo
67720,2017-02-08,0.4477611940298507,-0.02179027347428392,hatsudo
69690,2017-09-15,0.42647058823529416,0.03319911637317608,hatsudo
70370,2023-02-07,0.4014925373134328,0.015203308427895895,hatsudo
70420,2023-03-22,0.4675675675675677,0.06823162159989914,hatsudo
70630,2023-12-01,0.5044472681067345,0.06481259418386785,hatsudo
70940,2020-05-26,0.42083798882681567,0.005511974318312419,hatsudo
71380,2022-08-31,0.4227586206896552,0.09010355614024382,hatsudo
76920,2023-04-13,0.4516586836970018,0.02453389588116599,hatsudo
77460,2017-07-18,0.46875,-0.009671791025348802,hatsudo
77460,2025-09-17,0.4722222222222223,0.07403146588126834,hatsudo
77760,2018-02-27,0.41891891891891886,0.0028319593180473365,hatsudo
77930,2023-04-07,0.42728184553660986,0.06138524947734856,hatsudo
78310,2021-04-19,0.42405063291139244,0.030777249860604483,hatsudo
78510,2021-01-29,0.41150442477876115,-0.014872227347503444,hatsudo
78550,2017-04-27,0.48153846153846147,-0.008231492358106092,hatsudo
78590,2022-08-05,0.5029940119760479,-0.03212613985075107,hatsudo
79970,2024-06-26,0.4056372549019607,0.0004616632061623413,hatsudo
81050,2025-06-04,0.4761904761904763,0.12697442484046034,hatsudo
81390,2021-12-03,0.404494382022472,-0.21664218530567303,hatsudo
82020,2022-06-13,0.5133689839572193,-0.038239952744730826,hatsudo
82560,2017-10-17,0.44075829383886256,-0.03886106840479661,hatsudo
82560,2019-09-20,0.5121951219512195,0.030081337582262474,hatsudo
88910,2017-06-06,0.40112201963534355,0.022713343345554547,hatsudo
89460,2019-07-12,0.49532710280373826,0.07727661979496014,hatsudo
89460,2023-03-01,0.4725274725274726,-0.007069534934320496,hatsudo
92540,2023-03-27,0.41865671641791047,0.02663788431742171,hatsudo
93630,2023-04-21,0.48881789137380194,0.01782882459109137,hatsudo
94390,2022-04-14,0.52,-0.0022639291189572664,hatsudo
98270,2019-02-21,0.48684210526315796,-0.036031761881467145,hatsudo
98880,2017-05-12,0.5142857142857142,0.11441669085719125,hatsudo
45960,2022-06-20,0.435374149659864,0.06748517931791512,mihatsudo
21760,2022-06-13,0.45145631067961167,-0.006437832603388066,mihatsudo
36390,2020-08-21,0.4180327868852458,0.05516079240448395,mihatsudo
80050,2018-05-25,0.41189931350114417,0.027081923319916473,mihatsudo
43990,2020-09-09,0.43070044709388977,0.0064241073762561956,mihatsudo
62080,2017-09-15,0.48269105160026116,0.08350566980430375,mihatsudo
53370,2023-02-07,0.5119617224880382,0.008752869636291554,mihatsudo
97260,2020-09-11,0.4022140221402215,0.0943701253056067,mihatsudo
79610,2023-02-01,0.4257614213197969,-0.0008138066675012449,mihatsudo
71610,2023-11-24,0.44963144963144974,-0.06273540044392652,mihatsudo
68150,2017-06-12,0.4245810055865922,-0.03609287190119767,mihatsudo
60880,2018-01-24,0.4639839034205231,-0.017363945358201516,mihatsudo
77130,2019-12-16,0.4077448747152619,0.03128595630243838,mihatsudo
95190,2018-07-23,0.4964887640449438,0.015897426699222606,mihatsudo
65440,2017-12-01,0.4275576581904199,0.013426281248274809,mihatsudo
89380,2018-07-23,0.4299212598425197,0.0013934193563896365,mihatsudo
97220,2024-06-20,0.4285714285714286,-0.016037091152966202,mihatsudo
18530,2018-01-24,0.41496598639455784,-0.033519095412472,mihatsudo
21360,2017-09-19,0.5069885641677256,-0.038473483000934276,mihatsudo
33170,2017-08-25,0.46884100174723353,0.04171182136968652,mihatsudo
35660,2023-02-16,0.4285714285714286,0.027462113945714395,mihatsudo
36900,2023-11-28,0.44398340248962653,0.016482273031010575,mihatsudo
24840,2017-05-12,0.47935779816513757,0.03322123476046262,mihatsudo
70490,2021-10-27,0.48099606815203155,0.008283899769489945,mihatsudo
45950,2017-06-06,0.41497659906396245,-0.007555072810402886,mihatsudo
21640,2022-08-31,0.5038363171355498,0.09302101008255739,mihatsudo
97090,2020-02-04,0.43939393939393945,0.04192969715444465,mihatsudo
48750,2022-04-14,0.4043321299638989,-0.006649894031237982,mihatsudo
68790,2025-06-04,0.4193548387096775,-0.0020578332240557824,mihatsudo
78780,2020-01-24,0.4249550873754697,0.03350337531482751,mihatsudo
68820,2017-09-15,0.49812030075187974,-0.05517351811957382,mihatsudo
78680,2019-01-21,0.46954314720812174,-0.05668695088974479,mihatsudo
99190,2021-12-03,0.49918032786885247,0.019961423223577857,mihatsudo
44350,2019-12-09,0.5101663585951941,-0.02607031951810831,mihatsudo
73170,2020-09-09,0.4479305740987982,0.027051412586030266,mihatsudo
78060,2020-09-09,0.4022988505747127,-0.0011749363395907693,mihatsudo
40260,2021-01-04,0.4394230769230769,0.024123108171449283,mihatsudo
88060,2021-12-03,0.4588002636783124,-0.003286559458406944,mihatsudo
71110,2023-11-28,0.4423076923076923,0.02590756038733233,mihatsudo
39890,2023-03-08,0.4945848375451263,0.06527533285550256,mihatsudo
60950,2017-02-08,0.509433962264151,-0.0039494945510308325,mihatsudo
62920,2017-09-19,0.4273648648648649,0.0030194772752662508,mihatsudo
44910,2025-06-04,0.4199110122358176,0.018310361057181923,mihatsudo
39950,2020-08-21,0.4607843137254901,-0.1136408524727321,mihatsudo
36900,2023-12-01,0.4430641821946171,0.02957227854541732,mihatsudo
34150,2023-02-01,0.46453900709219864,0.020532923058762812,mihatsudo
21600,2022-08-05,0.4483030781373323,-0.0127876898360959,mihatsudo
66300,2017-09-19,0.43211206896551735,0.06342704447220665,mihatsudo
42590,2025-06-04,0.49085365853658547,0.06542682935263139,mihatsudo
70720,2023-02-16,0.4555827220863895,0.004454461836718481,mihatsudo
33930,2023-08-24,0.4376528117359413,-0.02048794684552251,mihatsudo
54560,2018-08-21,0.40731901352426414,0.01014930427219292,mihatsudo
97040,2024-04-08,0.40476190476190466,0.07489368415690398,mihatsudo
68570,2023-06-14,0.447209653092006,-0.0190488793465067,mihatsudo
70950,2021-07-08,0.4204545454545454,0.0003400649486168485,mihatsudo
39660,2020-09-11,0.4361485108119134,0.010159598989817194,mihatsudo
21480,2020-08-21,0.5167785234899329,-0.0020245708707049104,mihatsudo
39790,2020-09-09,0.4149425287356323,-0.023591293381934896,mihatsudo
36770,2019-03-04,0.44209558823529416,-0.015961791076430396,mihatsudo
47350,2017-10-17,0.4110169491525424,-0.03470888991051288,mihatsudo
35610,2020-05-26,0.5084427767354596,0.021974749499927962,mihatsudo
60840,2017-02-08,0.40833333333333344,0.04734899328591852,mihatsudo
16890,2022-08-05,0.4516129032258065,0.021968592331630517,mihatsudo
44430,2022-08-05,0.46875,0.020358072237067877,mihatsudo
88930,2020-05-26,0.42481203007518786,0.026611854213825517,mihatsudo
39660,2019-02-21,0.4977827050997783,-0.01395699589363761,mihatsudo
60740,2017-03-09,0.4101694915254237,0.03977653100726425,mihatsudo
54560,2018-08-15,0.4014251781472684,-0.010278251292876307,mihatsudo
53580,2017-02-08,0.42999999999999994,0.008152292550756278,mihatsudo
29800,2022-04-14,0.4739183178325921,0.02901540089331619,mihatsudo
95010,2021-01-29,0.4797047970479704,0.017046408664347854,mihatsudo
43740,2023-03-09,0.4251726784343821,0.007818201270632213,mihatsudo
43940,2018-10-03,0.48510638297872344,0.020922241644581487,mihatsudo
94700,2019-03-04,0.4770023790642348,-0.011604080227387712,mihatsudo
32710,2022-08-31,0.46575342465753433,0.021989793857749712,mihatsudo
61940,2019-02-21,0.41693811074918563,-0.02198000141530329,mihatsudo
69280,2017-02-08,0.4558536585365853,-0.09222549462548973,mihatsudo
39070,2023-04-13,0.4613284804367608,0.061533117759162745,mihatsudo
79120,2023-02-21,0.40642939150401847,0.0048495324947575805,mihatsudo
24040,2021-10-21,0.5172413793103448,0.00883075241050709,mihatsudo
99690,2020-08-21,0.46666666666666656,0.04291039828992798,mihatsudo
59990,2020-05-26,0.4230019493177388,0.010780719649181715,mihatsudo
39020,2018-04-02,0.45880452342487876,0.007497891491295651,mihatsudo
21620,2023-03-08,0.47058823529411775,0.06393647847316984,mihatsudo
68950,2017-03-09,0.46590909090909083,0.048331614489673325,mihatsudo
33530,2025-07-17,0.43724696356275294,0.06551245165579937,mihatsudo
70770,2020-05-26,0.5056787452677123,-0.0017911194312779533,mihatsudo
57260,2018-01-24,0.4375932371954252,-0.0362768804039133,mihatsudo
80720,2023-03-22,0.4306377383300459,0.12509842909637844,mihatsudo
60310,2024-05-31,0.40526315789473677,0.028190668530921385,mihatsudo
43470,2020-02-04,0.4024390243902438,-0.061846046552649206,mihatsudo
59280,2023-02-16,0.4417808219178083,-0.04683519405111848,mihatsudo
24800,2017-09-21,0.43257261410788383,-0.039941619108581315,mihatsudo
69820,2020-05-26,0.4364820846905537,-0.0005571488315439955,mihatsudo
85620,2019-11-26,0.4375,0.03034132923937484,mihatsudo
39090,2020-09-11,0.43768115942028984,-0.14105007842953757,mihatsudo
67690,2024-06-26,0.46455834242093785,-0.04023695100384908,mihatsudo
69570,2021-06-01,0.4372294372294372,-0.046117943064201805,mihatsudo
66190,2022-06-13,0.4083011583011582,-0.04413488537926205,mihatsudo
92660,2018-01-24,0.4128205128205129,-0.09925912519515157,mihatsudo
65430,2025-07-17,0.49056603773584895,-0.05900309341599459,mihatsudo
76870,2020-09-11,0.42178873757821145,0.010159598989817194,mihatsudo
33060,2020-08-21,0.45608108108108114,0.00545785663204983,mihatsudo
37500,2019-12-16,0.49408284023668636,-0.005406450802349786,mihatsudo
39880,2019-12-16,0.4553429027113236,0.03661172361783196,mihatsudo
99290,2018-02-27,0.42716535433070857,0.03183500881370768,mihatsudo
87890,2023-02-21,0.4107142857142858,0.044598090145666146,mihatsudo
98730,2019-12-09,0.44259496372172435,0.0020814552676934636,mihatsudo
65520,2018-01-24,0.4033485540334856,0.03597517568158204,mihatsudo
78960,2020-05-26,0.45771699692994683,0.010780719649181715,mihatsudo
17570,2019-07-12,0.41666666666666674,-0.003973380205039902,mihatsudo
66260,2017-09-21,0.4106583072100314,0.012610208606171772,mihatsudo
36770,2017-05-12,0.4185639229422067,-0.011504576321937637,mihatsudo
60460,2022-06-20,0.4391534391534391,0.0458271085066522,mihatsudo
39030,2017-02-08,0.4917127071823204,0.0032727276711914085,mihatsudo
21620,2019-03-04,0.5141955835962144,-0.03238148514908793,mihatsudo
37100,2020-08-21,0.48058761804826866,-0.024502300634110474,mihatsudo
74260,2021-10-21,0.4679911699779249,-0.12958346495107856,mihatsudo
76850,2020-08-21,0.42032967032967017,-0.025875868634636933,mihatsudo
66290,2017-10-17,0.41176470588235303,0.025100919899296886,mihatsudo
70720,2023-03-01,0.4065040650406504,-0.045849622933630374,mihatsudo
27210,2017-08-18,0.4444444444444444,0.03982571694372991,mihatsudo
58450,2023-12-01,0.4050847457627118,0.08433913218145526,mihatsudo
63000,2017-02-13,0.43865030674846617,0.011581396813647168,mihatsudo
40800,2017-07-27,0.4988009592326139,0.012831963948132484,mihatsudo
50250,2023-06-13,0.5190839694656488,0.0692012614451719,mihatsudo
34790,2022-08-05,0.4888082274652148,0.01640626446129779,mihatsudo
77330,2019-01-21,0.4006211180124224,-0.011525364087819286,mihatsudo
68970,2021-01-29,0.4115107913669065,-0.0515423132108825,mihatsudo
40730,2024-01-24,0.4870775347912524,0.0023640639158240967,mihatsudo
45630,2019-02-21,0.44400785854616887,-0.20471516444603274,mihatsudo
70130,2025-06-04,0.4064065302083979,0.04349464446138601,mihatsudo
66400,2019-09-20,0.4010152284263959,-0.045239424975526715,mihatsudo
62320,2022-04-14,0.4513217279174726,-0.010648117043232576,mihatsudo
65730,2020-05-26,0.4975473020322354,-0.014020403420542326,mihatsudo
21200,2020-05-26,0.42207792207792205,0.008497614626350581,mihatsudo
77350,2023-12-01,0.4614971106034136,-0.016997750643718345,mihatsudo
34650,2020-05-26,0.4180407371483996,0.022408626625925923,mihatsudo
38560,2020-01-24,0.5049816465652859,0.0018843143841445024,mihatsudo
68360,2022-09-02,0.5012973533990661,-0.07489089792013676,mihatsudo
24370,2020-05-26,0.5100401606425702,-0.05304906758486082,mihatsudo
67190,2017-09-21,0.5097159940209268,3.228414705922812e-05,mihatsudo
65620,2023-03-27,0.5132100396301189,0.03148336640994083,mihatsudo
57570,2018-01-24,0.4204892966360856,0.009846737713856133,mihatsudo
41690,2023-03-09,0.42343268242548815,-0.05326164297176011,mihatsudo
39200,2023-04-21,0.49504950495049505,0.011085511058987812,mihatsudo
61720,2020-05-26,0.4291262135922329,0.00126985008396442,mihatsudo
71720,2018-05-25,0.48894699310672696,0.049018393406501194,mihatsudo
21910,2018-10-03,0.43430656934306566,0.14081404446908188,mihatsudo
74260,2021-10-27,0.45576131687242794,-0.016113360932846,mihatsudo
89090,2022-08-31,0.44999999999999996,-0.010720486516082013,mihatsudo
62540,2023-11-24,0.5086705202312138,-0.028759168221054916,mihatsudo
68000,2018-01-24,0.40271493212669673,0.01305865479431034,mihatsudo
45700,2018-04-02,0.4946236559139785,-0.0650588139748961,mihatsudo
66390,2017-12-01,0.5096345514950167,0.030747118033693212,mihatsudo
15140,2017-10-30,0.4736842105263157,0.020397644867855388,mihatsudo
69380,2019-03-04,0.49554896142433225,-0.20162751689511973,mihatsudo
66240,2018-10-03,0.43870967741935485,0.018802154785265403,mihatsudo
29980,2023-06-13,0.4472477064220184,0.04256650286622331,mihatsudo
65440,2018-01-24,0.41541038525963137,-0.013425407049552975,mihatsudo
78590,2017-07-27,0.4056603773584906,0.09174740018974327,mihatsudo
60820,2019-12-09,0.44300144300144306,-0.02491854473230645,mihatsudo
40540,2022-03-30,0.49634146341463414,-0.030647213887406516,mihatsudo
62640,2017-06-06,0.43333333333333335,-0.1170101010290526,mihatsudo
37470,2018-01-24,0.4203389830508475,0.023182605829801917,mihatsudo
43170,2020-05-26,0.44561403508771935,0.008353535183162187,mihatsudo
31330,2017-03-09,0.40380952380952384,0.007634465982736486,mihatsudo
56970,2017-10-17,0.4976851851851851,-0.15723636328806365,mihatsudo
73520,2021-01-29,0.44979919678714864,0.00374724659721641,mihatsudo
77920,2023-03-08,0.4353083434099154,0.031005118903225652,mihatsudo
76920,2023-02-16,0.4965325936199725,-0.08279815791094293,mihatsudo
59220,2019-12-16,0.4513556618819776,0.0894417702834951,mihatsudo
61980,2018-01-24,0.4689265536723164,-0.005634480027856716,mihatsudo
86980,2021-01-29,0.40625,-0.04848420923534742,mihatsudo
30400,2017-06-06,0.5026109660574412,0.01598985182623327,mihatsudo
93260,2025-09-17,0.4438202247191012,0.023734130883837957,mihatsudo
39850,2020-09-09,0.4872881355932204,0.041707227034375786,mihatsudo
21600,2019-07-12,0.46733985484379925,0.01516640474119668,mihatsudo
70330,2022-04-14,0.4710252600297178,0.0054713180899741065,mihatsudo
39900,2018-10-03,0.41575091575091583,0.02026985096635473,mihatsudo
37880,2020-10-20,0.49612403100775193,0.019078457005567196,mihatsudo
205A0,2024-07-29,0.4512953367875647,-0.04067721383302366,mihatsudo
41990,2022-04-14,0.4570383912248628,-0.19861978110777492,mihatsudo
53370,2023-06-14,0.45621181262729116,0.005305296961812453,mihatsudo
70910,2020-08-21,0.4432978723404255,0.08790217311788621,mihatsudo
44490,2023-11-28,0.5090622537431049,-0.009114197663146249,mihatsudo
24100,2023-02-16,0.41428571428571437,0.009911608895209355,mihatsudo
43360,2017-08-25,0.41887417218543055,0.04840669874747847,mihatsudo
44280,2019-03-04,0.4762979683972912,-0.029973228268354166,mihatsudo
24270,2023-03-08,0.4375634517766498,0.007007503493347437,mihatsudo
77810,2017-09-19,0.425047438330171,-0.034707471933809346,mihatsudo
67760,2021-01-04,0.4491150442477876,-0.0326540593952361,mihatsudo
31680,2017-09-21,0.4352226720647774,0.06743442633589024,mihatsudo
62660,2017-02-13,0.41058394160583944,0.14755924183360375,mihatsudo
39370,2023-12-01,0.432618025751073,-0.030042109231350877,mihatsudo
97070,2017-12-01,0.4319620253164558,-0.019718312672088477,mihatsudo
60990,2017-09-19,0.43621399176954734,0.02501836957391607,mihatsudo
50080,2022-10-07,0.4301955434288314,-0.011313458637179393,mihatsudo
24890,2023-03-08,0.40388349514563116,0.010421362883365475,mihatsudo
36600,2020-05-26,0.41150442477876115,-0.0017584653037964072,mihatsudo
35470,2017-10-17,0.5043042729691658,0.043554890465430623,mihatsudo
93220,2017-06-12,0.4488416988416988,-0.028189643987780427,mihatsudo
48840,2023-03-09,0.4094674556213018,0.03827142543842816,mihatsudo
47430,2018-05-25,0.4553672316384181,0.00962241679163393,mihatsudo
33230,2018-05-25,0.47317073170731705,-0.003782009188374975,mihatsudo
87830,2023-03-01,0.42727272727272725,0.1405205401678754,mihatsudo
46400,2021-01-04,0.44212962962962954,-0.0005929906929461263,mihatsudo
60390,2019-02-21,0.408227848101266,0.00418187751681978,mihatsudo
48900,2024-07-29,0.43442622950819665,-0.19759396125316261,mihatsudo
70670,2020-05-26,0.41333333333333333,-0.20692610183122462,mihatsudo
32230,2020-05-26,0.5,0.04490145455731821,mihatsudo
18680,2018-08-15,0.465568862275449,-0.011299701752528936,mihatsudo
71750,2018-01-24,0.4509068167604753,0.06373996736383203,mihatsudo
40110,2023-02-16,0.41268580506070585,-0.14226680171693618,mihatsudo
44500,2025-07-25,0.4624999999999999,-0.0056159844821336785,mihatsudo
77810,2017-09-15,0.44106463878326996,0.021815388168187295,mihatsudo
70870,2025-09-17,0.47546346782988014,0.0015942543736472852,mihatsudo
36870,2017-07-10,0.41287284144426994,-0.03125604522264874,mihatsudo
65480,2023-04-21,0.4349112426035502,-0.0446153150487476,mihatsudo
70460,2020-05-26,0.4101360863444392,-0.0457916597185387,mihatsudo
63900,2023-03-09,0.4283870967741936,0.025833971089073544,mihatsudo
78470,2020-05-26,0.4012944983818769,0.05466062727042888,mihatsudo
38910,2017-08-25,0.4834794335805799,0.00023283643709346574,mihatsudo
29300,2017-03-09,0.4136460554371002,-0.008653898856989358,mihatsudo
61880,2023-11-28,0.49029126213592233,0.0008695582157797212,mihatsudo
40160,2023-03-09,0.40159999999999996,-0.0029739882233962792,mihatsudo
35620,2020-09-11,0.44558645707376066,-0.0638680045233572,mihatsudo
39210,2017-10-30,0.4736842105263157,0.03405310705272929,mihatsudo
46860,2017-08-25,0.408092485549133,0.0003067280627090177,mihatsudo
44640,2025-09-17,0.41083061889250816,-0.18381383347346497,mihatsudo
37600,2023-04-21,0.45371367061356294,0.06241491812186129,mihatsudo
90990,2024-05-31,0.46757164404223217,-0.1401302124849722,mihatsudo
72710,2023-03-27,0.48414985590778103,-0.04464907247077869,mihatsudo
68190,2020-05-26,0.40506329113924044,-0.016246307377845257,mihatsudo
30770,2017-09-15,0.40473061760841,0.0032260227217242397,mihatsudo
68980,2020-10-20,0.4938162544169611,0.02497635947262732,mihatsudo
68570,2023-06-13,0.5023575331772054,0.004230313132223094,mihatsudo
62330,2021-01-04,0.42324561403508776,-0.04835878422145153,mihatsudo
21620,2017-09-21,0.4445676274944568,0.04244165171466783,mihatsudo
48910,2023-06-13,0.4716312056737588,0.16762712570623628,mihatsudo
70370,2020-05-26,0.4231404958677687,0.01774936076416435,mihatsudo
72140,2023-04-21,0.4026927784577723,-0.044313053484543945,mihatsudo
62640,2017-02-13,0.4679611650485438,-0.02766680661366078,mihatsudo
61950,2020-08-21,0.4765291607396871,-0.0026426758036086173,mihatsudo
34770,2017-02-08,0.47366459627329194,0.047298316102073634,mihatsudo
82560,2021-07-08,0.45251396648044695,-0.3,mihatsudo
46860,2017-08-18,0.4524512699350265,-0.008681448928218451,mihatsudo
84620,2020-05-26,0.41414141414141414,-0.05350499463653256,mihatsudo
31070,2017-05-12,0.4131147540983606,0.0037530788583781073,mihatsudo
39480,2022-08-31,0.42661448140900204,-0.0024900338411849316,mihatsudo
36720,2019-12-16,0.4135135135135135,-0.07191914413669274,mihatsudo
66290,2020-05-26,0.40068493150684925,0.04745553627509859,mihatsudo
61610,2020-05-26,0.4200045259108396,0.01675681526671159,mihatsudo
34690,2018-01-24,0.4143126177024481,-0.06573192677056072,mihatsudo
44240,2019-11-26,0.4228028503562946,-0.06128135452963977,mihatsudo
31650,2019-03-04,0.4371184371184371,-0.003214818482421365,mihatsudo
58210,2019-02-21,0.449021932424422,-0.01856494244272941,mihatsudo
74620,2019-12-16,0.5058365758754866,-0.19184567612023037,mihatsudo
39150,2023-04-21,0.4963788300835654,-0.0042663501985507005,mihatsudo
36890,2020-03-05,0.4281045751633987,0.018640966919800585,mihatsudo
66260,2018-08-21,0.44057377049180335,0.014416729592249782,mihatsudo
76940,2023-02-21,0.4145658263305323,-0.10306452421703607,mihatsudo
36490,2019-02-21,0.4245115452930728,0.01806971010229033,mihatsudo
39000,2019-03-04,0.41852487135506,-0.0052301348870968135,mihatsudo
79360,2021-06-01,0.5024841915085816,0.012049191127155415,mihatsudo
66300,2020-09-09,0.4089686098654708,-0.004165617851836344,mihatsudo
48240,2018-02-27,0.4461538461538461,0.0352172538613966,mihatsudo
68380,2019-12-16,0.4864864864864864,0.08488382822555297,mihatsudo
95190,2020-10-20,0.4328621908127208,-0.0038620327992172744,mihatsudo
70460,2023-03-27,0.4636363636363636,0.03184191227263329,mihatsudo
35380,2020-05-26,0.497983870967742,0.018856089770312293,mihatsudo
70680,2020-05-26,0.42500000000000004,-0.0034440314176745635,mihatsudo
91100,2022-08-05,0.44551724137931026,0.007379957895667816,mihatsudo
65720,2020-05-26,0.48298217179902747,-0.02309906177158326,mihatsudo
65640,2019-09-20,0.4616470588235295,0.04806422190604795,mihatsudo
45080,2019-12-09,0.48480355819125287,0.0025807063910085223,mihatsudo
65610,2020-05-26,0.454225352112676,0.01683398841431484,mihatsudo
34890,2023-06-13,0.45213595260367945,0.014245896257627942,mihatsudo
71150,2023-03-22,0.450242718446602,0.0071221800193418255,mihatsudo
60810,2017-02-08,0.4678559407606866,0.05737754562833669,mihatsudo
32640,2020-05-26,0.47115384615384626,-0.008827123488073118,mihatsudo
44930,2023-06-13,0.4234071396294623,0.04263190673511362,mihatsudo
79180,2023-11-28,0.46853146853146854,-0.03885434437457247,mihatsudo
94500,2018-05-25,0.4450856942987058,0.038861210847001705,mihatsudo
87830,2023-11-24,0.4883720930232558,0.07810146396285315,mihatsudo
78070,2020-05-26,0.5151515151515151,0.031780719649181735,mihatsudo
31380,2018-04-02,0.40909090909090917,-0.010533402046374428,mihatsudo
37780,2023-12-01,0.43440486533449185,-0.0824844984872405,mihatsudo
76080,2018-07-23,0.42795698924731185,-0.007609552884998826,mihatsudo
62640,2017-02-08,0.41868787276341957,0.005835009684146017,mihatsudo
21600,2020-08-21,0.4209836065573771,-0.20590709132705393,mihatsudo
37880,2017-06-12,0.45970695970695963,-0.004405416492434281,mihatsudo
37760,2020-09-09,0.49090909090909096,0.02367512363641876,mihatsudo
39170,2020-05-26,0.4088952654232425,-0.008567549189922074,mihatsudo
65600,2020-01-24,0.4367816091954022,0.0029174154294405834,mihatsudo
73780,2022-03-30,0.47987117552334935,0.010393462302030892,mihatsudo
52180,2017-03-09,0.45517241379310347,0.010449987684867771,mihatsudo
74530,2020-05-26,0.42381786339754823,0.004630658148566792,mihatsudo
37190,2022-08-31,0.45398773006134974,-0.04025635149498505,mihatsudo
67940,2024-05-31,0.42357723577235773,0.044759584741454854,mihatsudo
39670,2017-03-09,0.43243243243243246,0.018823443007875366,mihatsudo
44310,2023-03-27,0.42654028436018954,0.04895154682412835,mihatsudo
70830,2024-01-24,0.5172413793103448,0.07765575083852692,mihatsudo
60350,2019-08-22,0.49320457796852657,0.01611128978593362,mihatsudo
67760,2019-08-22,0.40625,-0.05056868360062656,mihatsudo
32370,2024-01-24,0.4414414414414414,0.006374759102989777,mihatsudo
92120,2023-03-01,0.509090909090909,-0.010316353052564618,mihatsudo
30990,2024-05-31,0.4829467939972716,-0.017296688004779633,mihatsudo
46530,2022-09-02,0.43116634799235176,-0.00018127588773236229,mihatsudo
77770,2020-05-26,0.47058823529411775,0.010780719649181715,mihatsudo
23070,2022-08-31,0.4963427377220482,0.018609122422465513,mihatsudo
92270,2023-02-01,0.43560389238694897,0.005120740831237096,mihatsudo
65620,2020-03-05,0.4923339011925043,0.029552328110149885,mihatsudo
92120,2022-04-14,0.4337517433751743,0.06436177912051295,mihatsudo
24360,2018-02-27,0.49693251533742333,-0.018559438771243022,mihatsudo
78160,2020-05-26,0.4096551724137931,-0.02835822359935057,mihatsudo
59030,2020-05-26,0.4148827726809379,0.02663086374140068,mihatsudo
65800,2019-03-04,0.4055258467023173,-0.2568609820841969,mihatsudo
92440,2025-07-25,0.4113924050632911,-0.08097981289265171,mihatsudo
77920,2023-02-16,0.4355828220858895,-0.03161908263548209,mihatsudo
47200,2017-03-09,0.4137931034482758,-0.001176799199114783,mihatsudo
36240,2017-02-08,0.40281442392260325,0.07155555595401969,mihatsudo
44920,2023-11-24,0.48237082066869297,0.009613535933326738,mihatsudo
62270,2023-06-14,0.434698275862069,0.011728316634043475,mihatsudo
62050,2022-03-30,0.4342105263157894,-0.004669779554394599,mihatsudo
60440,2018-01-24,0.4996232102486813,0.02406530092820569,mihatsudo
69970,2020-05-26,0.4700772200772201,-0.04043398816434417,mihatsudo
45080,2019-12-16,0.4985052316890881,0.005975984199255177,mihatsudo
37500,2019-12-09,0.4433427762039661,0.006006872343257728,mihatsudo
99090,2020-01-24,0.40569948186528504,0.05013322818285017,mihatsudo
75750,2017-06-12,0.4758313335618787,-0.0863080799356308,mihatsudo
39110,2017-03-09,0.4560185185185186,-0.003028363819689347,mihatsudo
60940,2019-01-21,0.44926522043386985,-0.023704961762818052,mihatsudo
60180,2023-12-01,0.42392026578073083,0.041043345467115626,mihatsudo
80790,2017-07-27,0.41515151515151505,-0.010921355109683374,mihatsudo
88480,2023-11-28,0.4984520123839009,0.019902050745459143,mihatsudo
45930,2025-07-25,0.49010989010989015,0.018652447646787702,mihatsudo
44430,2022-04-14,0.4623015873015872,0.06662011953728304,mihatsudo
72560,2023-02-16,0.43939393939393945,-0.10696771061568923,mihatsudo
92120,2023-02-07,0.49563318777292587,0.03162083600421166,mihatsudo
56980,2022-04-14,0.4095494283792871,0.011002777724487177,mihatsudo
78340,2019-08-22,0.4477611940298507,0.0005424275104845512,mihatsudo
33590,2020-08-21,0.4419713831478538,-0.02111811729591957,mihatsudo
36470,2023-02-16,0.45999999999999996,-0.0017045527209522799,mihatsudo
69270,2017-12-01,0.4015544041450778,0.020885847824638516,mihatsudo
39160,2018-01-24,0.5053949903660886,-0.06386648651277493,mihatsudo
44170,2023-02-07,0.4776902887139107,-0.0171144325648462,mihatsudo
67870,2017-06-06,0.5043290043290043,-0.006096041578938261,mihatsudo
60850,2023-11-24,0.40372670807453415,-0.15046601391325307,mihatsudo
36920,2025-06-04,0.510385756676558,-0.05903229294900664,mihatsudo
99780,2024-06-20,0.4722222222222223,-0.03691900762530038,mihatsudo
23320,2021-04-19,0.4778156996587031,-0.05171697646734019,mihatsudo
93370,2023-02-07,0.41028571428571436,-0.005679972002507988,mihatsudo
34400,2024-01-24,0.46130500758725335,-0.04554632085547329,mihatsudo
35360,2022-08-05,0.4495412844036697,-0.006582743814642405,mihatsudo
98880,2017-10-30,0.45925925925925926,0.05025623805132168,mihatsudo
39230,2023-11-28,0.44563535911602203,-0.016046119961211525,mihatsudo
91190,2022-08-05,0.41628959276018107,0.04447480461420062,mihatsudo
68220,2019-12-09,0.4277942631058358,0.0017350749420960462,mihatsudo
39230,2023-12-01,0.4386536373507057,-0.015423254872735891,mihatsudo
53370,2025-06-04,0.47272727272727266,-0.0069961048289939876,mihatsudo
31800,2018-04-02,0.4093959731543624,-0.010405393853850085,mihatsudo
24360,2018-08-21,0.4307105907977129,-0.07072605253085178,mihatsudo
44440,2020-05-26,0.4655172413793103,0.04386895494329936,mihatsudo
44770,2020-09-11,0.4002789400278941,0.020119758352366984,mihatsudo
29980,2023-02-21,0.432603406326034,0.005514091796739196,mihatsudo
43370,2020-05-26,0.47630147630147635,0.010780719649181715,mihatsudo
37790,2024-10-17,0.43801652892561993,0.03353605092883104,mihatsudo
72130,2020-05-26,0.41481481481481475,-0.027613695708584504,mihatsudo
15420,2024-04-15,0.4762126865671641,-0.06024066274017072,mihatsudo
71220,2023-03-08,0.42950513538748836,0.0016230201048453774,mihatsudo
35210,2017-03-09,0.40816326530612246,0.033906269022871804,mihatsudo
72710,2017-07-27,0.4498736310025273,0.019417437510015144,mihatsudo
52460,2024-06-20,0.4294117647058824,-0.06831896103783236,mihatsudo
73590,2023-02-21,0.5124826629680999,-0.03125261125132409,mihatsudo
18650,2019-08-22,0.45958986731001206,0.0021953200724679723,mihatsudo
70610,2023-02-16,0.4421007318123116,-0.0061821646612507785,mihatsudo
31380,2025-06-04,0.4353846153846155,0.0011576008595454716,mihatsudo
65620,2023-03-01,0.44964028776978426,-0.024420744148794134,mihatsudo
39840,2023-03-01,0.41706539074960136,-0.004671564180324658,mihatsudo
60310,2021-04-19,0.4805475504322765,-0.03598674040703553,mihatsudo
99800,2019-02-21,0.4437086092715232,-0.037330779499393535,mihatsudo
63560,2023-02-21,0.45321637426900585,-0.010058966115954282,mihatsudo
38160,2020-01-24,0.5186332574031891,0.04341621545344011,mihatsudo
71330,2022-03-30,0.4503171247357294,-0.005210074309255991,mihatsudo
30530,2020-05-26,0.5156626506024096,0.09504145096873652,mihatsudo
70740,2020-08-21,0.4853683148335015,0.014686584060678954,mihatsudo
64050,2017-07-10,0.40405993233446114,0.037158565601600524,mihatsudo
45710,2023-11-24,0.47159090909090917,0.09264055662694586,mihatsudo
39980,2020-09-09,0.514324693042292,0.023400458727607532,mihatsudo
79610,2023-02-16,0.4072681704260652,-0.001259316745885542,mihatsudo
62460,2017-06-12,0.4268689057421451,-0.018896927464197216,mihatsudo
23250,2025-06-04,0.46384039900249374,0.026902984493150373,mihatsudo
48110,2025-06-04,0.43209112294168617,-0.02073164665882704,mihatsudo
21360,2017-09-15,0.5050761421319796,0.012580559672145117,mihatsudo
70120,2021-01-04,0.4763406940063091,0.0019711118711564285,mihatsudo
28840,2017-07-27,0.47919605077574046,0.0385320831376438,mihatsudo
39110,2020-03-05,0.5135135135135136,0.04484097781660782,mihatsudo
70630,2020-05-26,0.5032637075718016,0.04464958634479611,mihatsudo
39230,2017-05-12,0.4523305084745761,0.028288491727877337,mihatsudo
67770,2022-09-02,0.4640883977900552,-0.05129810073239021,mihatsudo
60300,2020-09-11,0.4285714285714286,0.04661793232315056,mihatsudo
76700,2023-03-01,0.5028790786948176,-0.1911777295932101,mihatsudo
98670,2017-02-08,0.4898395721925133,-0.0015306543181202194,mihatsudo
42340,2017-09-19,0.44474393530997314,0.005999032163546751,mihatsudo
30100,2023-08-24,0.40833333333333344,-0.012480996530880016,mihatsudo
42840,2017-06-12,0.48275862068965525,0.025215837629126187,mihatsudo
77260,2019-11-05,0.5111111111111111,0.0669811788859699,mihatsudo
45700,2023-02-21,0.46894409937888204,0.04681930137482556,mihatsudo
49340,2021-01-04,0.4393162393162393,0.06710297130230328,mihatsudo
60370,2018-10-03,0.44992526158445445,-0.06099073504876914,mihatsudo
37240,2019-02-21,0.41825902335456466,-0.0006335317929715163,mihatsudo
72140,2017-10-30,0.42450765864332607,0.010220993562171817,mihatsudo
73730,2022-08-05,0.4220849981837995,0.06104905210174539,mihatsudo
36780,2017-03-09,0.4299674267100977,0.0012761148516657363,mihatsudo
59830,2020-01-24,0.4237037037037037,0.02504072448251039,mihatsudo
42310,2023-12-01,0.4076923076923078,0.00449838653359468,mihatsudo
47520,2017-10-17,0.42215568862275443,0.1267968263320454,mihatsudo
78860,2023-03-08,0.4520089285714286,0.04946995089365224,mihatsudo
44880,2020-10-20,0.4334862385321101,0.002435377804975147,mihatsudo
77130,2018-01-24,0.4113890367216604,-0.019284555442637963,mihatsudo
62640,2017-06-12,0.4436475409836065,-0.011781372993614673,mihatsudo
33230,2017-07-27,0.41666666666666674,0.028045409326283764,mihatsudo
95520,2023-02-01,0.4688995215311005,-0.011030831466400656,mihatsudo
82090,2020-09-09,0.4988814317673378,-0.03043845481279851,mihatsudo
45760,2017-02-13,0.5024630541871922,-0.033998665404535944,mihatsudo
69690,2019-11-05,0.4200542005420054,-0.07096696943724055,mihatsudo
70940,2020-08-21,0.4041855660843401,-0.15677533630681512,mihatsudo
68360,2023-06-14,0.46104928457869643,0.039609331701102896,mihatsudo
92680,2023-11-24,0.4515579357351507,-0.08555095512150042,mihatsudo
59350,2024-01-24,0.44458204334365314,0.017090575648210468,mihatsudo
35630,2020-05-26,0.42978723404255326,0.03288956318659665,mihatsudo
39190,2020-05-26,0.4143109540636043,-0.006708349682485891,mihatsudo
68670,2019-03-04,0.5167785234899329,-0.04303782733197884,mihatsudo
38360,2017-09-21,0.4060832443970117,0.014395295400746336,mihatsudo
39100,2019-08-22,0.4197530864197532,0.0401559540805329,mihatsudo
37600,2022-08-31,0.4061810154525387,0.061493014268847374,mihatsudo
21580,2021-10-27,0.4878892733564013,-0.009092789535579803,mihatsudo
57240,2021-01-04,0.49526066350710907,-0.041797428093896936,mihatsudo
70660,2023-02-21,0.4622467771639043,0.039305229131094764,mihatsudo
65580,2024-01-24,0.47,-0.05212864225755455,mihatsudo
36280,2018-01-24,0.47076205287713857,0.023365067180424748,mihatsudo
79610,2023-02-07,0.4391025641025641,0.0024237557122408883,mihatsudo
44440,2023-06-13,0.4104477611940298,-0.23913817503496815,mihatsudo
24280,2020-05-26,0.48510638297872344,0.0007520663540526839,mihatsudo
68360,2022-08-31,0.47016087182148425,-0.18721183843983766,mihatsudo
59280,2023-02-21,0.41823899371069184,-0.023773180448512878,mihatsudo
24040,2021-10-27,0.5080385852090032,-0.03254860018333762,mihatsudo
39890,2018-07-23,0.4336917562724014,-0.01589931192114342,mihatsudo
47920,2019-03-04,0.4028571428571428,-0.013398117871423452,mihatsudo
88480,2023-12-01,0.42944785276073616,-0.006271096803256558,mihatsudo
34440,2020-05-26,0.44795539033457255,-0.016176918348250843,mihatsudo
48490,2020-05-26,0.4697474988089567,0.04125073585663709,mihatsudo
35450,2019-11-26,0.4097859327217126,0.009835003536406664,mihatsudo
79650,2025-07-17,0.4181264280274182,0.015295359629960138,mihatsudo
65210,2023-12-01,0.43321769297484813,-0.029457451201911355,mihatsudo
49900,2020-01-24,0.4580498866213152,-0.17210357990492953,mihatsudo
72150,2019-12-09,0.404438964241677,-0.03654892225645043,mihatsudo
37770,2020-05-26,0.4375,-0.07617580208994866,mihatsudo
35280,2019-11-26,0.4347826086956521,0.06610266934854094,mihatsudo
93650,2023-03-01,0.4233937397034597,0.010809818299510223,mihatsudo
52870,2019-12-09,0.4097331240188382,0.04384092074653537,mihatsudo
24890,2018-08-15,0.40362811791383213,-0.06035902673714123,mihatsudo
36560,2017-03-09,0.4449760765550239,0.013750783851550211,mihatsudo
35400,2020-09-11,0.4869739478957915,0.016898143464210674,mihatsudo
43930,2019-09-20,0.5090090090090089,0.06708181904591201,mihatsudo
99090,2019-02-21,0.412037037037037,0.0014156485348973107,mihatsudo
46900,2019-11-26,0.5157578789394697,-0.19747368828722256,mihatsudo
36960,2020-08-21,0.4577586206896551,-0.06664352354223153,mihatsudo
75870,2020-05-26,0.424731182795699,0.023988266818993034,mihatsudo
29830,2021-10-21,0.42583009918068115,0.011081140764025742,mihatsudo
87290,2020-05-26,0.40901683867463334,0.010009709626051312,mihatsudo
41750,2024-05-31,0.47562296858071496,0.056911650563292775,mihatsudo
45850,2019-11-26,0.49307479224376727,0.007351896312053698,mihatsudo
77920,2023-03-01,0.46690734055355,-0.00288822654599141,mihatsudo
