code,date,lv,lv_hi,r1,mkt,exc,short_pnl
13800,2018-12-13,58000.0,0,-0.11048387096774193,-0.013359394662222523,-0.0971244763055194,0.0971244763055194
13820,2022-07-12,99300.0,0,-0.042597402597402634,0.0036491207693974434,-0.046246523366800074,0.046246523366800074
13820,2022-09-02,89600.0,0,0.059288537549407216,0.0011547294562890891,0.058133808093118126,-0.058133808093118126
14310,2019-08-26,101000.0,0,-0.010783907092492773,0.004523832584216647,-0.015307739676709418,0.015307739676709418
143A0,2024-09-09,195900.0,0,-0.048934490923441154,0.0034204356432138445,-0.052354926566655,0.052354926566655
14470,2020-06-29,2851400.0,1,0.008733624454148492,0.00300127788982589,0.005732346564322602,-0.005732346564322602
14470,2020-09-28,3735000.0,1,0.016049382716049276,0.005148709570681652,0.010900673145367624,-0.010900673145367624
15140,2022-12-09,15905900.0,1,0.0732984293193717,-0.0005144532839831344,0.07381288260335483,-0.07381288260335483
15140,2023-12-14,3367800.0,1,0.015717092337917515,0.005641911527782209,0.010075180810135306,-0.010075180810135306
15140,2024-01-18,3162600.0,1,-0.0823723228995058,0.004184283764218116,-0.08655660666372392,0.08655660666372392
153A0,2025-05-14,529500.0,0,-0.021917808219178103,-0.0037393881762163546,-0.01817842004296175,0.01817842004296175
155A0,2025-08-07,956700.0,1,-0.048484848484848464,0.00181037354760331,-0.05029522203245177,0.05029522203245177
17110,2018-01-04,601000.0,1,-0.06425992779783396,0.0057836134661525184,-0.07004354126398647,0.07004354126398647
17240,2018-08-21,403900.0,0,0.03392130257801895,0.01014930427219292,0.023771998305826034,-0.023771998305826034
17240,2019-05-24,455900.0,0,-0.030962343096234357,0.0051409230452722525,-0.03610326614150661,0.03610326614150661
17300,2017-11-27,218800.0,0,0.0798029556650246,-0.002766579102134115,0.08256953476715871,-0.08256953476715871
17300,2023-12-19,219900.0,0,-0.08452535760728219,0.0026657882131288814,-0.08719114582041107,0.08719114582041107
18400,2019-12-09,1039100.0,1,0.004255319148936065,0.0020814552676934636,0.0021738638812426017,-0.0021738638812426017
18400,2020-12-28,1470900.0,1,-0.010101010101010055,0.01405541392823551,-0.024156424029245567,0.024156424029245567
184A0,2025-06-10,293400.0,0,-0.0625,0.005253374531872012,-0.06775337453187201,0.06775337453187201
190A0,2024-08-01,2009800.0,1,0.020000000000000018,-0.051380174935575514,0.07138017493557552,-0.07138017493557552
198A0,2024-07-02,971600.0,1,-0.04603580562659848,0.0031479638517268567,-0.04918376947832534,0.04918376947832534
21440,2018-06-04,180400.0,0,-0.10286458333333337,-0.004292815293495614,-0.09857176803983776,0.09857176803983776
21440,2018-08-15,261500.0,0,-0.00327332242225864,-0.010278251292876307,0.007004928870617667,-0.007004928870617667
21500,2017-05-23,193100.0,0,-0.042735042735042694,0.008246943896903714,-0.050981986631946405,0.050981986631946405
21580,2020-06-10,4579500.0,1,-0.10011641443538999,-0.024634716860178013,-0.07548169757521198,0.07548169757521198
21580,2021-11-29,3447300.0,1,-0.16279069767441856,-0.007794539854898687,-0.15499615781951986,0.15499615781951986
21580,2025-08-04,4083400.0,1,0.019108280254777066,0.006070429904150661,0.013037850350626405,-0.013037850350626405
21600,2017-03-03,11269000.0,1,0.0354284434991885,0.0028404165135028905,0.03258802698568561,-0.03258802698568561
21600,2017-06-26,18007000.0,1,0.05956521739130438,0.004271501565362333,0.05529371582594205,-0.05529371582594205
21600,2020-08-27,4606100.0,1,-0.04617253948967193,-0.0158303898063255,-0.030342149683346427,0.030342149683346427
21620,2017-08-29,1307900.0,1,-0.013738959764474923,0.00453720471677783,-0.018276164481252754,0.018276164481252754
21640,2018-09-21,233900.0,0,0.04325468844525093,0.010916499738912892,0.03233818870633804,-0.03233818870633804
21640,2019-03-06,584700.0,1,-0.029826014913007515,-0.009222507460313438,-0.020603507452694077,0.020603507452694077
21760,2018-03-30,571300.0,1,-0.040000000000000036,-0.0012590502319500302,-0.03874094976805,0.03874094976805
218A0,2025-02-26,2526000.0,1,0.1490312965722802,0.004261017574490838,0.14477027899778935,-0.14477027899778935
21910,2018-10-04,2668600.0,1,-0.035502958579881616,-0.008065407640629452,-0.027437550939252164,0.027437550939252164
21910,2020-05-22,2616800.0,1,-0.09080717488789236,0.021460287517147483,-0.11226746240503985,0.11226746240503985
21950,2021-12-23,25500.0,0,-0.04028004219813941,0.0003124133928568368,-0.040592455590996245,0.040592455590996245
21950,2022-02-09,166300.0,0,-0.042607251050522765,0.006419795967601542,-0.049027047018124305,0.049027047018124305
21950,2022-09-05,128200.0,0,-0.04705882352941182,0.0013791670490475659,-0.048437990578459385,0.048437990578459385
21950,2022-12-01,508200.0,0,-0.01521216973578865,-0.009477447863913175,-0.0057347218718754745,0.0057347218718754745
219A0,2025-01-10,1368600.0,1,-0.003039513677811523,-0.0091063023594144,0.006066788681602877,-0.006066788681602877
23210,2025-08-15,4176200.0,1,-0.0505050505050505,0.008888930022484406,-0.059393980527534904,0.059393980527534904
23300,2017-07-11,5384500.0,1,0.015706806282722585,-0.0008035480639371077,0.016510354346659692,-0.016510354346659692
23300,2024-02-13,4095900.0,1,0.1333333333333333,-0.008986441046149549,0.14231977437948284,-0.14231977437948284
23340,2025-04-04,224000.0,0,-0.15306122448979587,-0.07454125109388521,-0.07851997339591066,0.07851997339591066
23340,2025-07-11,672400.0,1,0.11884057971014483,0.002173010357379468,0.11666756935276537,-0.11666756935276537
23340,2025-11-13,668900.0,1,-0.026200873362445365,-0.004660623624364924,-0.02154024973808044,0.02154024973808044
23420,2021-01-28,1946500.0,1,-0.08139534883720934,-0.013983437305656909,-0.06741191153155243,0.06741191153155243
23450,2020-03-05,175100.0,0,-0.13712416656183168,-0.035516165040535085,-0.10160800152129659,0.10160800152129659
23450,2022-03-30,1975200.0,1,0.03393213572854292,-0.003752348361734076,0.037684484090277,-0.037684484090277
23510,2017-05-26,744600.0,1,0.1410761154855642,0.0010128172005913411,0.14006329828497285,-0.14006329828497285
23510,2017-07-04,868400.0,1,0.03716216216216206,0.005683726237847331,0.03147843592431473,-0.03147843592431473
23700,2020-06-03,21610000.0,1,-0.047169811320754707,-0.0014148415858306707,-0.04575496973492404,0.04575496973492404
23700,2021-06-23,22758900.0,1,-0.036363636363636376,-0.0017204668095325195,-0.034643169554103855,0.034643169554103855
23750,2023-10-05,1184400.0,1,0.15455950540958274,0.004438316074639313,0.15012118933494342,-0.15012118933494342
23880,2022-07-12,2144800.0,1,-0.07258064516129037,0.0036491207693974434,-0.07622976593068781,0.07622976593068781
23880,2022-08-12,2186800.0,1,0.21212121212121215,0.001238733160184569,0.21088247896102758,-0.21088247896102758
23970,2017-07-07,452900.0,0,-0.03459915611814346,0.007654204539746124,-0.04225336065788958,0.04225336065788958
23970,2023-02-16,803100.0,1,-0.0804232804232804,-0.0017045527209522799,-0.07871872770232811,0.07871872770232811
23970,2024-03-07,529500.0,0,-0.012612612612612595,0.002635610576896073,-0.015248223189508667,0.015248223189508667
24250,2017-03-30,85200.0,0,0.23215322112594317,-0.005730834636259336,0.2378840557622025,-0.2378840557622025
24250,2017-05-12,133600.0,0,-0.05003403675970053,-0.0008872923713202963,-0.04914674438838023,0.04914674438838023
24250,2021-01-26,182600.0,0,-0.030057803468208077,0.004211386509734524,-0.0342691899779426,0.0342691899779426
24350,2023-05-23,946500.0,1,-0.05208333333333337,-0.0006228806241177531,-0.05146045270921562,0.05146045270921562
24370,2017-07-27,1024900.0,1,-0.17480719794344468,-0.005568036051867489,-0.1692391618915772,0.1692391618915772
24370,2022-06-10,2546600.0,1,-0.02377972465581979,-0.015991905855310608,-0.007787818800509182,0.007787818800509182
24380,2022-02-21,1700300.0,1,-0.16506849315068495,-0.01182442859598844,-0.1532440645546965,0.1532440645546965
24590,2018-09-12,576200.0,1,-0.06818181818181823,0.004819769244660597,-0.07300158742647883,0.07300158742647883
24590,2025-03-28,763000.0,1,-0.054313099041533586,-0.02097807259696031,-0.03333502644457327,0.03333502644457327
24770,2017-07-12,257000.0,0,-0.052430886558627265,-0.00022533588577368285,-0.05220555067285358,0.05220555067285358
24790,2021-06-04,1196900.0,1,-0.04526748971193417,0.002962418579880419,-0.04822990829181459,0.04822990829181459
254A0,2025-02-13,997300.0,1,0.026119402985074647,-0.004119482224000379,0.030238885209075025,-0.030238885209075025
25860,2024-08-22,5236900.0,1,-0.02985074626865669,0.002581594195616288,-0.03243234046427298,0.03243234046427298
25860,2024-11-08,11056500.0,1,0.024896265560165887,0.00044935366765754795,0.02444691189250834,-0.02444691189250834
25860,2025-07-11,14823200.0,1,-0.09062499999999996,0.002173010357379468,-0.09279801035737942,0.09279801035737942
26560,2017-06-06,1757600.0,1,-0.03343023255813948,0.004695325327536492,-0.038125557885675974,0.038125557885675974
26560,2021-02-26,1301500.0,1,-0.05378486055776888,0.013134614410513758,-0.06691947496828263,0.06691947496828263
265A0,2025-08-13,526600.0,0,0.0007220216606498298,-0.00038768403768342405,0.0011097056983332537,-0.0011097056983332537
26670,2021-04-16,2356100.0,1,0.2527379949452402,0.0010750118943333813,0.2516629830509068,-0.2516629830509068
26730,2018-09-21,980900.0,1,-0.034682080924855474,0.010916499738912892,-0.045598580663768366,0.045598580663768366
26730,2021-06-01,1671300.0,1,-0.03314917127071826,0.004082860148649561,-0.03723203141936782,0.03723203141936782
26870,2023-07-24,639700.0,1,-0.016786570743405282,0.001432900481548062,-0.018219471224953345,0.018219471224953345
26930,2017-10-04,1084700.0,1,-0.04603580562659848,-0.004477547763177402,-0.04155825786342108,0.04155825786342108
26930,2017-12-01,1650300.0,1,-0.0329489291598023,-0.0031437270367292917,-0.029805202123073006,0.029805202123073006
26930,2019-11-05,1057100.0,1,-0.026030368763557465,-0.0003562824143397064,-0.025674086349217758,0.025674086349217758
27000,2025-08-25,277800.0,0,-0.02303262955854124,-0.0043339518187279664,-0.018698677739813273,0.018698677739813273
27080,2023-08-23,200400.0,0,-0.013850415512465353,0.003111223044136168,-0.01696163855660152,0.01696163855660152
27210,2017-03-03,136300.0,0,-0.12295081967213117,0.0028404165135028905,-0.12579123618563406,0.12579123618563406
27210,2023-04-11,1322100.0,1,-0.0786026200873362,0.004925693113843902,-0.08352831320118011,0.08352831320118011
27620,2023-05-22,1350200.0,1,-0.0423728813559322,-0.006517498767955599,-0.0358553825879766,0.0358553825879766
276A0,2025-01-24,648300.0,1,-0.03063457330415753,0.00521791513917339,-0.03585248844333092,0.03585248844333092
27780,2017-12-07,1338300.0,1,0.060559006211180044,0.005697443734516217,0.05486156247666383,-0.05486156247666383
27780,2021-08-04,271500.0,0,-0.027450980392156876,-0.0036031805022685454,-0.023847799889888333,0.023847799889888333
278A0,2025-01-17,746300.0,1,-0.026066350710900466,0.008585890314524072,-0.03465224102542454,0.03465224102542454
281A0,2025-07-18,956800.0,1,0.21246458923512757,0.0017461943302528717,0.2107183949048747,-0.2107183949048747
29010,2019-02-26,2221800.0,1,0.0,0.005669888701774617,-0.005669888701774617,0.005669888701774617
290A0,2025-02-10,1344100.0,1,0.0894117647058823,0.005008871545506464,0.08440289316037584,-0.08440289316037584
29260,2021-01-14,2230200.0,1,-0.04761904761904767,-0.005373933403501754,-0.042245114215545915,0.042245114215545915
29290,2018-03-01,4028400.0,1,-0.03703703703703709,-0.012600701807375487,-0.024436335229661606,0.024436335229661606
29290,2020-01-20,4398900.0,1,-0.02004716981132071,0.0011737551458609208,-0.021220924957181628,0.021220924957181628
29290,2021-06-10,5466100.0,1,-0.015214384508990264,-0.0024146144038287988,-0.012799770105161465,0.012799770105161465
29300,2017-04-04,889000.0,1,-0.10431654676258995,-0.001801120074855863,-0.10251542668773408,0.10251542668773408
29360,2024-10-28,14117700.0,1,0.18903591682419663,0.008420610638344652,0.18061530618585198,-0.18061530618585198
30040,2021-01-18,294000.0,0,-0.06120331950207469,0.0032812986554018667,-0.06448461815747655,0.06448461815747655
30410,2023-05-15,359600.0,0,1.11731843575419,-0.0006614992501670989,1.117979935004357,-1.117979935004357
30410,2023-09-07,674000.0,1,0.022171688459351913,-0.00515537838838564,0.02732706684773755,-0.02732706684773755
30530,2017-08-24,802400.0,1,-0.04781997187060483,0.0033641796012124953,-0.051184151471817325,0.051184151471817325
30540,2018-01-30,476300.0,0,0.025936599423631135,-0.006089552811172847,0.032026152234803984,-0.032026152234803984
30830,2018-03-14,185700.0,0,-0.12246553122465531,-0.0001136718652769659,-0.12235185935937834,0.12235185935937834
30830,2021-11-09,308800.0,0,-0.23419203747072603,-0.0013429844383160694,-0.23284905303240996,0.23284905303240996
30830,2023-02-09,273800.0,0,-0.05888888888888888,-0.0033997465637153616,-0.05548914232517352,0.05548914232517352
31110,2023-03-01,696600.0,1,-0.07058823529411762,0.0003931516328435937,-0.07098138692696121,0.07098138692696121
31210,2021-11-17,3196900.0,1,0.05596107055961075,-0.0030196264086775866,0.05898069696828834,-0.05898069696828834
31350,2019-02-26,239600.0,0,-0.02148760330578514,0.005669888701774617,-0.027157492007559757,0.027157492007559757
31370,2025-04-25,554700.0,1,-0.10438729198184571,0.005648834693754954,-0.11003612667560066,0.11003612667560066
31610,2020-01-28,844700.0,1,0.10763358778625953,-0.0016609936208809874,0.10929458140714052,-0.10929458140714052
31850,2021-11-24,891100.0,1,-0.10304449648711944,-0.002012691218589869,-0.10103180526852958,0.10103180526852958
31850,2024-12-26,2646900.0,1,-0.04255319148936165,0.010211030401059813,-0.052764221890421466,0.052764221890421466
31890,2020-06-29,1013600.0,1,0.09380097879282223,0.00300127788982589,0.09079970090299634,-0.09079970090299634
32020,2020-02-12,3825000.0,1,-0.14400000000000002,-0.0015971042055485834,-0.14240289579445142,0.14240289579445142
32670,2017-11-17,671900.0,1,0.22292993630573243,0.007454313023755239,0.2154756232819772,-0.2154756232819772
32670,2018-01-25,713800.0,1,0.018018018018018056,0.002752656887879711,0.015265361130138344,-0.015265361130138344
33260,2021-05-31,208600.0,0,-0.1357409713574097,0.0026641562247857278,-0.13840512758219542,0.13840512758219542
33280,2022-04-01,2387000.0,1,-0.08382978723404255,0.008765948320192056,-0.09259573555423461,0.09259573555423461
33440,2018-03-01,187200.0,0,-0.030874785591766707,-0.012600701807375487,-0.018274083784391222,0.018274083784391222
33500,2025-06-06,23276800.0,1,0.15137956748695003,0.0038985757568531804,0.14748099173009685,-0.14748099173009685
33560,2018-09-14,5693500.0,1,-0.02405498281786944,0.010099765117822084,-0.03415474793569152,0.03415474793569152
33580,2018-01-31,151500.0,0,-0.07504078303425765,0.013930796849982352,-0.08897157988424001,0.08897157988424001
33580,2022-10-07,1364000.0,1,0.21739130434782616,-0.01290328375641628,0.23029458810424244,-0.23029458810424244
33700,2018-01-22,185600.0,0,-0.01272605492297385,0.009087399094605519,-0.02181345401757937,0.02181345401757937
33770,2020-10-09,1219200.0,1,0.0,0.0018194789509629178,-0.0018194789509629178,0.0018194789509629178
33770,2021-08-02,869900.0,1,0.016755521706016685,-0.003829840956061855,0.02058536266207854,-0.02058536266207854
338A0,2025-04-21,214100.0,0,-0.21534437663469919,0.0020950245478444348,-0.21743940118254362,0.21743940118254362
33900,2017-07-21,8190900.0,1,0.09219858156028371,0.003062088926493577,0.08913649263379013,-0.08913649263379013
33900,2021-07-08,8269100.0,1,-0.06140350877192979,0.0003400649486168485,-0.06174357372054664,0.06174357372054664
34090,2019-07-30,403800.0,0,-0.0021459227467811592,-0.003530302144962107,0.0013843793981809477,-0.0013843793981809477
34090,2019-12-27,395800.0,0,0.0038809831824062613,-0.0017954653281268681,0.005676448510533129,-0.005676448510533129
34170,2017-11-14,169900.0,0,-0.04124926340601065,-0.022586511467711852,-0.018662751938298798,0.018662751938298798
341A0,2025-05-26,942000.0,1,-0.046417305092383954,0.005929672841519026,-0.05234697793390298,0.05234697793390298
34410,2017-09-04,722700.0,1,-0.1165181631254284,-0.02023946615559224,-0.09627869696983615,0.09627869696983615
34490,2020-05-20,545300.0,1,0.010273972602739656,0.00491017278126524,0.005363799821474416,-0.005363799821474416
34610,2018-04-27,141100.0,0,-0.07216494845360821,-0.0020759952373075666,-0.07008895321630065,0.07008895321630065
34690,2019-01-24,583100.0,1,0.03515625,0.007697740122488192,0.02745850987751181,-0.02745850987751181
34980,2019-10-28,71800.0,0,-0.017316017316017285,0.005839721643298764,-0.02315573895931605,0.02315573895931605
35260,2017-07-07,7870000.0,1,0.034383954154727725,0.007654204539746124,0.0267297496149816,-0.0267297496149816
35360,2020-08-21,1695500.0,1,0.030120481927710774,0.003137671017200684,0.02698281091051009,-0.02698281091051009
35420,2020-08-12,931500.0,1,0.006644518272425293,0.008895886031597538,-0.002251367759172245,0.002251367759172245
35470,2017-12-04,530500.0,1,-0.029069767441860517,-0.0018967978282537026,-0.027172969613606813,0.027172969613606813
35560,2020-09-17,979800.0,1,-0.01594896331738438,0.007929879066055126,-0.023878842383439507,0.023878842383439507
35650,2017-09-05,462600.0,0,-0.01424589656240316,0.00476274508571817,-0.01900864164812133,0.01900864164812133
36040,2020-02-14,547200.0,1,0.21891418563922938,-0.014539897402748693,0.23345408304197807,-0.23345408304197807
36040,2020-11-24,615100.0,1,-0.037442922374429255,-0.003085760660289001,-0.03435716171414025,0.03435716171414025
36040,2022-01-14,555600.0,1,-0.1747503566333809,-0.005515077384215751,-0.16923527924916515,0.16923527924916515
36060,2017-04-26,11547400.0,1,-0.025316455696202556,0.005100201292730418,-0.030416656988932974,0.030416656988932974
36060,2017-07-27,13481500.0,1,-0.009433962264150941,-0.005568036051867489,-0.0038659262122834525,0.0038659262122834525
36220,2019-02-18,207600.0,0,0.0025031289111390187,0.0033950168713976453,-0.0008918879602586266,0.0008918879602586266
36230,2017-12-14,182600.0,0,-0.03171390013495279,-0.0032808111950305197,-0.028433088939922267,0.028433088939922267
36230,2019-10-03,481900.0,0,-0.034689793195463614,0.004347297189359242,-0.03903709038482286,0.03903709038482286
36240,2017-08-18,1087800.0,1,0.030716723549488067,0.00026527738329038306,0.030451446166197684,-0.030451446166197684
36240,2018-04-02,1322000.0,1,-0.0022222222222222365,-0.0024688859173421763,0.00024666369511993974,-0.00024666369511993974
36240,2019-07-11,855300.0,1,0.06719367588932812,-0.006186636675092005,0.07338031256442012,-0.07338031256442012
36240,2019-12-12,1464900.0,1,0.02111801242236022,0.005046224547277891,0.01607178787508233,-0.01607178787508233
36240,2025-01-10,3014000.0,1,-0.04477611940298509,-0.0091063023594144,-0.035669817043570695,0.035669817043570695
36270,2018-07-27,1546600.0,1,-0.021943573667711602,-0.003933242824100664,-0.01801033084361094,0.01801033084361094
36270,2018-11-02,1719700.0,1,-0.129746835443038,-0.0022966936534445253,-0.12745014178959346,0.12745014178959346
36280,2020-08-26,289900.0,0,-0.02254980079681268,-0.004170769631939644,-0.018379031164873036,0.018379031164873036
36390,2025-05-23,635800.0,1,-0.22530864197530864,0.005715123499205407,-0.23102376547451406,0.23102376547451406
36460,2018-06-28,386500.0,0,-0.019607843137254943,0.004303236467047832,-0.023911079604302776,0.023911079604302776
36520,2017-11-29,571500.0,1,-0.08452380952380956,0.0014510112935836985,-0.08597482081739326,0.08597482081739326
36560,2025-09-18,22253500.0,1,-0.0490196078431373,0.00025651643878939293,-0.049276124281926695,0.049276124281926695
36600,2022-08-24,10851100.0,1,0.07421875,0.005069743538456868,0.06914900646154314,-0.06914900646154314
36610,2017-02-13,2977900.0,1,-0.035805626598465534,-0.0012117801586342713,-0.034593846439831266,0.034593846439831266
36610,2017-05-19,2357600.0,1,0.03957037874505365,0.00784760400843538,0.03172277473661827,-0.03172277473661827
36610,2018-04-25,2003700.0,1,-0.08258612553091083,0.0009511190292010517,-0.08353724456011188,0.08353724456011188
36610,2018-07-23,1049400.0,1,-0.02265372168284785,0.007450688078856561,-0.03010440976170441,0.03010440976170441
36610,2018-08-31,828300.0,1,0.018862275449101906,-0.010140195103950499,0.029002470553052405,-0.029002470553052405
36640,2020-03-27,2887900.0,1,-0.03164556962025311,-0.02332249903471552,-0.008323070585537592,0.008323070585537592
36670,2017-04-21,1790300.0,1,-0.03584672435105063,0.0022161830014327073,-0.038062907352483334,0.038062907352483334
36670,2017-06-06,1592400.0,1,0.07600281491907102,0.004695325327536492,0.07130748959153452,-0.07130748959153452
36670,2017-10-25,2841400.0,1,-0.06624102154828415,0.0034402991131529765,-0.06968132066143713,0.06968132066143713
36670,2019-04-03,2110800.0,1,0.03642987249544616,-0.0002571620912434006,0.03668703458668956,-0.03668703458668956
36670,2019-08-05,2913400.0,1,0.12053571428571419,-0.003412495688153329,0.12394820997386752,-0.12394820997386752
36670,2019-10-31,2164100.0,1,-0.010638297872340385,-0.001730133200510775,-0.00890816467182961,0.00890816467182961
36670,2020-01-16,2082200.0,1,-0.034047919293820894,0.0023482168859182413,-0.036396136179739136,0.036396136179739136
36680,2019-10-01,8143700.0,1,0.03755569700827488,0.0005938183801526636,0.03696187862812222,-0.03696187862812222
36720,2019-10-10,2106500.0,1,0.0028050490883591017,0.0008246279647059045,0.001980421123653197,-0.001980421123653197
36810,2020-04-07,2585100.0,1,-0.08552074513124475,0.020159189953583286,-0.10567993508482804,0.10567993508482804
36860,2020-06-18,1869000.0,1,0.08758169934640514,0.005842856613054328,0.08173884273335082,-0.08173884273335082
37100,2019-04-04,233200.0,0,0.12081513828238721,0.004995785462337047,0.11581935282005017,-0.11581935282005017
37470,2019-08-22,1360200.0,1,0.26578073089700993,0.0005424275104845512,0.2652383033865254,-0.2652383033865254
37470,2020-09-11,1407700.0,1,-0.008503401360544172,0.010159598989817194,-0.018663000350361364,0.018663000350361364
37470,2023-06-14,,0,-0.02092050209205021,-0.0002891086325931524,-0.020631393459457057,0.020631393459457057
37470,2025-03-13,1781500.0,1,0.17825311942959,0.00584497505790871,0.17240814437168128,-0.17240814437168128
37470,2025-08-29,1504800.0,1,-0.05566037735849061,-3.9252145617100825e-05,-0.05562112521287351,0.05562112521287351
37580,2017-02-14,1200500.0,1,-0.03576982892690517,0.004750921044297717,-0.040520749971202884,0.040520749971202884
37580,2017-03-17,1574800.0,1,-0.11630218687872762,0.002411930614892312,-0.11871411749361993,0.11871411749361993
37600,2019-03-27,505600.0,0,-0.07373653686826842,-0.012599597696791691,-0.06113693917147673,0.06113693917147673
37600,2022-06-15,728400.0,1,0.042105263157894646,0.002133862316769259,0.03997140084112539,-0.03997140084112539
37660,2018-06-11,403600.0,0,-0.010008340283569672,0.0037842361100220616,-0.013792576393591733,0.013792576393591733
37760,2018-09-26,6889700.0,1,-0.06798866855524077,-0.00846742686511415,-0.059521241690126625,0.059521241690126625
37780,2023-06-27,,0,0.09285714285714275,0.011533060396005563,0.08132408246113719,-0.08132408246113719
37780,2023-12-08,2834000.0,1,-0.02392344497607657,0.009194507892857768,-0.03311795286893433,0.03311795286893433
37840,2018-03-20,973400.0,1,-0.08959338387319093,0.0049464792278939235,-0.09453986310108486,0.09453986310108486
38030,2020-08-26,78900.0,0,-0.06473988439306355,-0.004170769631939644,-0.06056911476112391,0.06056911476112391
38030,2025-07-25,173400.0,0,0.17357001972386588,0.0024282588562272783,0.1711417608676386,-0.1711417608676386
38040,2017-06-22,352100.0,0,-0.057874234835837424,-0.003805045152840781,-0.05406918968299664,0.05406918968299664
38070,2024-11-19,3478200.0,1,-0.0625,-0.0002557801630435411,-0.06224421983695646,0.06224421983695646
38070,2024-12-12,3210800.0,1,-0.07608695652173914,-0.001728632240193573,-0.07435832428154557,0.07435832428154557
38100,2017-04-17,1281200.0,1,-0.10382513661202186,0.010071000929081456,-0.11389613754110332,0.11389613754110332
38100,2022-06-10,2031000.0,1,-0.14033457249070636,-0.015991905855310608,-0.12434266663539575,0.12434266663539575
38230,2019-05-16,4488800.0,1,0.033816425120772875,0.0118904736042235,0.021925951516549375,-0.021925951516549375
38410,2024-08-02,86500.0,0,-0.20576131687242794,-0.12088547636205851,-0.08487584051036942,0.08487584051036942
38420,2020-01-06,374300.0,0,0.02997694081475788,0.014436708738543318,0.015540232076214562,-0.015540232076214562
38530,2017-06-06,4451900.0,1,0.022954091816367317,0.004695325327536492,0.018258766488830826,-0.018258766488830826
38530,2017-07-10,5994000.0,1,-0.015972222222222276,0.006521732555128949,-0.022493954777351225,0.022493954777351225
38530,2017-08-25,3379500.0,1,-0.046979865771812124,0.005232836437093359,-0.05221270220890548,0.05221270220890548
38530,2025-08-29,1890800.0,1,-0.038316243928764204,-3.9252145617100825e-05,-0.038276991783147106,0.038276991783147106
38560,2023-04-19,1876500.0,1,-0.053838484546360865,0.0009109115067224683,-0.054749396053083335,0.054749396053083335
38960,2023-01-27,565000.0,1,-0.1015625,-0.0001502076263865542,-0.10141229237361345,0.10141229237361345
38960,2024-01-18,605900.0,1,0.018932874354561147,0.004184283764218116,0.01474859059034303,-0.01474859059034303
39050,2018-07-24,2023900.0,1,-0.014098690835850913,0.0060581078500296015,-0.020156798685880516,0.020156798685880516
39050,2024-01-22,1627000.0,1,0.003478260869565153,-0.001721299780326409,0.005199560649891562,-0.005199560649891562
39050,2025-06-09,4901200.0,1,0.14970601537765726,0.002821435356549327,0.14688458002110794,-0.14688458002110794
39050,2025-07-15,5757400.0,1,0.026562500000000044,-0.00019281159328323746,0.02675531159328328,-0.02675531159328328
39060,2018-05-21,297500.0,0,-0.15228426395939088,6.515601795389912e-05,-0.15234941997734477,0.15234941997734477
39070,2019-04-02,399100.0,0,0.04610318331503849,0.006618190356262553,0.03948499295877594,-0.03948499295877594
39090,2017-10-25,1522800.0,1,0.02262142381902854,0.0034402991131529765,0.019181124705875564,-0.019181124705875564
39110,2020-05-20,4994500.0,1,0.07432432432432434,0.00491017278126524,0.0694141515430591,-0.0694141515430591
39130,2021-03-16,336700.0,0,-0.04283054003724396,0.00555941455586083,-0.048389954593104786,0.048389954593104786
39270,2020-05-27,824200.0,1,-0.02111746590409147,0.005886120189925366,-0.027003586094016836,0.027003586094016836
39330,2019-11-26,289200.0,0,0.024214659685863893,0.005496608742480382,0.01871805094338351,-0.01871805094338351
39350,2017-05-22,434100.0,0,-0.039835164835164805,0.0022072953881633298,-0.04204246022332814,0.04204246022332814
39360,2018-04-25,64100.0,0,-0.13699421965317915,0.0009511190292010517,-0.1379453386823802,0.1379453386823802
39360,2021-08-02,99700.0,0,0.1845425867507886,-0.003829840956061855,0.18837242770685045,-0.18837242770685045
39360,2021-09-03,114500.0,0,0.06738939349545858,0.007496846977737144,0.05989254651772144,-0.05989254651772144
39360,2021-10-18,435800.0,0,0.15309446254071668,0.003759192768314019,0.14933526977240266,-0.14933526977240266
39360,2022-03-25,5559000.0,1,0.08818011257035652,-0.005653215912441064,0.09383332848279759,-0.09383332848279759
39360,2024-10-17,2806400.0,1,-0.069620253164557,-0.0009467076918585721,-0.06867354547269842,0.06867354547269842
39370,2017-06-12,291400.0,0,-0.0004051863857373883,0.0031228143733122173,-0.0035280007590496056,0.0035280007590496056
39400,2017-06-09,107300.0,0,-0.04255319148936165,-0.00042058639424716896,-0.04213260509511448,0.04213260509511448
39610,2020-06-09,194100.0,0,-0.0033407572383074013,0.0026347499209098233,-0.005975507159217224,0.005975507159217224
39670,2018-01-24,635700.0,1,-0.0552346570397112,-0.003070377463754161,-0.05216427957595704,0.05216427957595704
39680,2017-06-12,172500.0,0,-0.02631578947368418,0.0031228143733122173,-0.029438603846996397,0.029438603846996397
39870,2019-01-28,821300.0,1,0.01053185887309116,0.0008245751141123535,0.009707283758978806,-0.009707283758978806
39870,2023-02-01,527000.0,0,0.035026269702276736,-0.0012588444957166115,0.036285114197993344,-0.036285114197993344
39910,2017-10-30,119100.0,0,-0.039416058394160625,0.002540502010712483,-0.04195656040487311,0.04195656040487311
39950,2022-07-28,680100.0,1,-0.07235621521335811,-0.003333981402773701,-0.06902223381058441,0.06902223381058441
39960,2021-09-24,1475000.0,1,-0.07898658718330853,-0.00030687046491485287,-0.07867971671839367,0.07867971671839367
39960,2021-10-27,1278500.0,1,-0.0005627462014631268,-0.0005656577526339636,2.9115511708368083e-06,-2.9115511708368083e-06
39970,2025-08-22,257100.0,0,0.023317036479879816,0.006072029489473306,0.01724500699040651,-0.01724500699040651
40110,2023-03-03,85400.0,0,-0.0346153846153846,0.005749286643321209,-0.04036467125870581,0.04036467125870581
40110,2023-06-13,,0,-0.044083526682134555,0.0013620654652723868,-0.04544559214740694,0.04544559214740694
40110,2024-03-08,180300.0,0,-0.0630952380952381,-0.01632007645442222,-0.04677516164081587,0.04677516164081587
40220,2019-03-04,1135900.0,1,-0.029573934837092808,-0.003214818482421365,-0.026359116354671443,0.026359116354671443
40510,2020-10-16,118800.0,0,-0.13503499382461914,0.01161430456207429,-0.14664929838669344,0.14664929838669344
40520,2023-06-14,,0,0.06685768863419295,-0.0002891086325931524,0.0671467972667861,-0.0671467972667861
40540,2020-10-08,361500.0,0,0.044487427466150864,-0.001413956683159436,0.0459013841493103,-0.0459013841493103
40640,2022-09-01,319200.0,0,0.003984063745019917,-0.005384907359093283,0.009368971104113201,-0.009368971104113201
40730,2024-06-20,104200.0,0,-0.008368200836820106,0.00081684143130339,-0.009185042268123495,0.009185042268123495
40750,2024-01-30,277500.0,0,0.017421602787456525,0.004660477622054053,0.012761125165402471,-0.012761125165402471
40800,2017-08-25,1272200.0,1,-0.034854245880861834,0.005232836437093359,-0.04008708231795519,0.04008708231795519
40800,2017-09-14,912800.0,1,0.08256457564575648,0.008011804922625217,0.07455277072313127,-0.07455277072313127
40980,2017-09-20,2791000.0,1,-0.022792022792022748,0.0018841507518479908,-0.02467617354387074,0.02467617354387074
41070,2024-06-18,196900.0,0,-0.22187004754358164,0.002209627555586526,-0.22407967509916815,0.22407967509916815
41200,2020-02-20,178500.0,0,-0.005132991133924403,-0.00042211798708904647,-0.004710873146835356,0.004710873146835356
41240,2017-11-28,261900.0,0,-0.19193857965451055,0.005694057494998033,-0.1976326371495086,0.1976326371495086
41240,2023-06-01,72800.0,0,-0.009896091044037658,0.010948512522970097,-0.020844603567007756,0.020844603567007756
41660,2023-04-14,169300.0,0,-0.11118012422360246,0.00043729363884878713,-0.11161741786245125,0.11161741786245125
41670,2025-05-13,660300.0,1,0.05291970802919699,-6.951375822449728e-05,0.052989221787421485,-0.052989221787421485
41690,2021-10-21,975000.0,1,-0.028301886792452824,-0.000260156680401948,-0.028041730112050876,0.028041730112050876
41690,2022-06-28,3907900.0,1,0.030746705710102518,-0.000450819572903415,0.03119752528300593,-0.03119752528300593
41700,2022-04-07,1264300.0,1,0.0016420361247948545,0.0023253358099327762,-0.0006832996851379217,0.0006832996851379217
41700,2022-09-08,1763000.0,1,-0.09465648854961828,0.00641163197289343,-0.10106812052251171,0.10106812052251171
41920,2022-07-15,1568900.0,1,0.04991394148020656,0.004248672939062764,0.04566526854114379,-0.04566526854114379
41970,2024-01-24,215100.0,0,0.0032599837000815146,0.006374759102989777,-0.0031147754029082625,0.0031147754029082625
41990,2022-04-22,277700.0,0,-0.07774798927613946,-0.011887791883710907,-0.06586019739242856,0.06586019739242856
42220,2017-07-28,4912000.0,1,0.00990099009900991,-0.003935479506629021,0.013836469605638932,-0.013836469605638932
42220,2017-12-04,8192000.0,1,-0.03208556149732622,-0.0018967978282537026,-0.030188763669072517,0.030188763669072517
42220,2025-05-23,1174100.0,1,-0.0063856960408684715,0.005715123499205407,-0.012100819540073878,0.012100819540073878
42350,2017-02-03,288600.0,0,-0.06729264475743346,0.004507240461964856,-0.07179988521939831,0.07179988521939831
42400,2019-09-26,387100.0,0,-0.04655172413793107,-0.008664388021690755,-0.03788733611624032,0.03788733611624032
42420,2018-12-11,68100.0,0,-0.10421545667447307,0.016702970856409535,-0.12091842753088261,0.12091842753088261
42430,2020-09-16,115900.0,0,-0.017241379310344862,-0.0002523546285320056,-0.016989024681812858,0.016989024681812858
42510,2019-12-27,659500.0,1,0.12211221122112215,-0.0017954653281268681,0.12390767654924902,-0.12390767654924902
42640,2023-02-10,288800.0,0,-0.048466864490603334,-0.004118525545967222,-0.04434833894463611,0.04434833894463611
42680,2022-04-04,1269100.0,1,0.1333333333333333,0.00440684374019482,0.1289264895931385,-0.1289264895931385
42840,2018-01-09,741600.0,1,-0.029807130333138532,0.0038300601148219993,-0.033637190447960534,0.033637190447960534
42880,2017-02-07,809600.0,1,0.01098901098901095,0.005321270295510625,0.005667740693500325,-0.005667740693500325
42880,2017-03-09,670700.0,1,0.00976971388695036,0.004920761776494979,0.004848952110455381,-0.004848952110455381
42880,2017-05-22,887100.0,1,0.038721296713192244,0.0022072953881633298,0.03651400132502891,-0.03651400132502891
42880,2024-07-17,242100.0,0,-0.07596371882086173,-0.006022145083431571,-0.06994157373743015,0.06994157373743015
42880,2025-04-28,285500.0,0,-0.22455089820359286,0.004141100464815446,-0.2286919986684083,0.2286919986684083
43160,2017-07-13,232200.0,0,0.042105263157894646,0.0031519431336036047,0.03895332002429104,-0.03895332002429104
43160,2024-09-11,442600.0,0,-0.03547297297297303,0.018152929854424422,-0.053625902827397445,0.053625902827397445
43170,2017-12-13,1101400.0,1,-0.036414565826330514,0.004832673203488465,-0.04124723902981898,0.04124723902981898
43350,2017-05-29,199100.0,0,0.02777777777777768,0.002708216771069987,0.02506956100670769,-0.02506956100670769
43370,2020-03-17,71200.0,0,0.1122715404699739,-0.004641952674975076,0.11691349314494898,-0.11691349314494898
43640,2020-01-31,336700.0,0,-0.24826216484607744,-0.008772136456067389,-0.23949002839001005,0.23949002839001005
43660,2020-05-20,303800.0,0,0.0,0.00491017278126524,-0.00491017278126524,0.00491017278126524
43670,2020-05-14,67200.0,0,0.02254428341384873,0.005227202701989572,0.01731708071185916,-0.01731708071185916
43710,2021-11-25,109300.0,0,0.002309468822170979,-0.015083507460898397,0.017392976283069378,-0.017392976283069378
43810,2018-06-06,198900.0,0,0.07369614512471645,0.009431974227088547,0.0642641708976279,-0.0642641708976279
43880,2023-03-14,640500.0,1,-0.0008481764206954567,0.010048153327447658,-0.010896329748143115,0.010896329748143115
43930,2020-09-04,484000.0,0,-0.03241650294695486,0.0002342660611256371,-0.0326507690080805,0.0326507690080805
43930,2022-11-01,667500.0,1,-0.029113924050632956,-0.0027906105264502,-0.026323313524182754,0.026323313524182754
44060,2017-08-21,4320800.0,1,0.0077821011673151474,0.00264029735283504,0.005141803814480107,-0.005141803814480107
44160,2024-12-24,324500.0,0,-0.17407407407407405,0.0007490816960053241,-0.17482315577007937,0.17482315577007937
44180,2025-10-29,1294200.0,1,-0.07467532467532467,0.0046545862594940795,-0.07932991093481875,0.07932991093481875
44250,2024-03-14,1645100.0,1,-0.10823970037453179,-0.000449816739800247,-0.10778988363473155,0.10778988363473155
44280,2019-03-25,53300.0,0,-0.01716992303137954,0.019082219069823964,-0.036252142101203505,0.036252142101203505
44380,2023-11-24,286100.0,0,-0.04538087520259315,-2.353603714684873e-05,-0.045357339165446306,0.045357339165446306
44440,2023-03-17,147100.0,0,0.2215657311669128,-0.01594030780113094,0.23750603896804373,-0.23750603896804373
44440,2023-06-23,,0,-0.037070524412296524,-0.0034142976926337322,-0.03365622671966279,0.03365622671966279
44460,2025-10-09,686100.0,1,-0.024760383386581486,-0.013492915221245998,-0.011267468165335488,0.011267468165335488
44750,2022-04-18,3354700.0,1,-0.015873015873015928,0.004773021123599806,-0.020646036996615734,0.020646036996615734
44900,2020-04-23,312600.0,0,-0.06666666666666665,-0.002032297025533328,-0.06463436964113332,0.06463436964113332
44920,2023-04-06,138800.0,0,-0.024418604651162856,0.001273452989940639,-0.025692057641103494,0.025692057641103494
44920,2023-06-09,136500.0,0,-0.004911381592995978,0.011016843620242613,-0.01592822521323859,0.01592822521323859
44930,2022-03-15,707000.0,1,-0.04638218923933213,0.009183549790515942,-0.05556573902984807,0.05556573902984807
45560,2020-02-04,506900.0,0,-0.008941877794336861,0.0077191708386551835,-0.016661048632992045,0.016661048632992045
45560,2021-05-28,308100.0,0,-0.046202531645569644,-0.004616082251272791,-0.04158644939429686,0.04158644939429686
45570,2019-05-10,227900.0,0,-0.030885380919698058,-0.009900964964887302,-0.020984415954810758,0.020984415954810758
45580,2020-02-19,1200500.0,1,0.11948955916473314,-0.002436804882022854,0.121926364046756,-0.121926364046756
45630,2017-06-20,12364300.0,1,0.15600624024961007,-0.0006657064560483346,0.1566719467056584,-0.1566719467056584
45630,2019-03-15,17511800.0,1,0.03027522935779814,0.0108488382662043,0.019426391091593838,-0.019426391091593838
45630,2020-05-12,16521800.0,1,0.0029673590504450953,-4.897101409360678e-05,0.003016330064538702,-0.003016330064538702
45640,2020-06-15,21868200.0,1,0.02499999999999991,0.038588237339150205,-0.013588237339150294,0.013588237339150294
45710,2018-01-26,3268800.0,1,-0.03897254207263068,0.0013172121988320306,-0.04028975427146271,0.04028975427146271
45720,2019-07-16,1437900.0,1,0.011472275334607929,-0.0028970924911360958,0.014369367825744024,-0.014369367825744024
45750,2022-06-15,1647000.0,1,0.23809523809523814,0.002133862316769259,0.23596137577846887,-0.23596137577846887
45750,2023-02-10,2528000.0,1,0.06150000000000011,-0.004118525545967222,0.06561852554596734,-0.06561852554596734
45750,2024-09-19,1655200.0,1,-0.003909304143862369,0.005495121611054684,-0.009404425754917053,0.009404425754917053
45760,2017-02-14,2829200.0,1,-0.10476190476190472,0.004750921044297717,-0.10951282580620245,0.10951282580620245
45760,2024-12-24,5722300.0,1,-0.13142857142857145,0.0007490816960053241,-0.13217765312457677,0.13217765312457677
45790,2017-05-23,2629900.0,1,0.18610421836228297,0.008246943896903714,0.17785727446537924,-0.17785727446537924
45790,2017-12-25,4732500.0,1,0.08606294155427108,-0.000640460384766304,0.08670340193903738,-0.08670340193903738
45820,2018-10-24,15204500.0,1,-0.106280193236715,-0.03591558938110822,-0.07036460385560678,0.07036460385560678
45820,2021-02-02,4404300.0,1,0.017114914425427896,0.008682555741865466,0.00843235868356243,-0.00843235868356243
45820,2021-06-10,5260800.0,1,0.07318224740321067,-0.0024146144038287988,0.07559686180703946,-0.07559686180703946
45830,2024-12-02,10040300.0,1,-0.04255319148936165,0.005255842564716382,-0.047809034054078034,0.047809034054078034
45860,2017-04-21,774300.0,1,-0.011640211640211673,0.0022161830014327073,-0.013856394641644381,0.013856394641644381
45860,2017-10-31,1565900.0,1,-0.08633093525179858,0.004033332774318485,-0.09036426802611706,0.09036426802611706
45860,2018-08-31,2144600.0,1,0.01196953210010876,-0.010140195103950499,0.022109727204059258,-0.022109727204059258
45860,2020-04-21,3028200.0,1,-0.03658536585365857,-0.01527066894206092,-0.02131469691159765,0.02131469691159765
45860,2023-02-16,5396100.0,1,0.05990783410138256,-0.0017045527209522799,0.061612386822334844,-0.061612386822334844
45880,2019-01-18,2749200.0,1,-0.11662011173184361,0.0022928654978297404,-0.11891297722967335,0.11891297722967335
45880,2019-02-18,2422400.0,1,-0.05892255892255893,0.0033950168713976453,-0.062317575793956574,0.062317575793956574
45910,2021-12-02,3799900.0,1,-0.13760217983651224,0.019413224850267266,-0.1570154046867795,0.1570154046867795
45920,2018-11-13,3049300.0,1,0.001536098310291889,-0.007716574741249803,0.009252673051541692,-0.009252673051541692
45920,2024-07-02,5138700.0,1,-0.020872865275142316,0.0031479638517268567,-0.024020829126869172,0.024020829126869172
45940,2019-01-21,5017400.0,1,-0.009463722397476393,-0.0048734793871541525,-0.00459024301032224,0.00459024301032224
45940,2022-11-14,7124600.0,1,0.05882352941176472,0.0022314463436938713,0.05659208306807085,-0.05659208306807085
45940,2023-01-31,9885200.0,1,0.049689440993788914,0.00214362862060316,0.04754581237318575,-0.04754581237318575
45950,2017-03-02,152800.0,0,-0.029754473574698292,-0.0009286904440813095,-0.028825783130616983,0.028825783130616983
45960,2019-03-26,2180200.0,1,0.07275320970042798,2.1612719060262545e-05,0.07273159698136772,-0.07273159698136772
45980,2020-04-28,243200.0,0,-0.06445556946182729,0.014081044343357113,-0.0785366138051844,0.0785366138051844
45980,2020-06-05,625800.0,1,0.014467338886453351,0.01482958175994473,-0.00036224287349137865,0.00036224287349137865
45980,2023-10-30,,0,-0.01793400286944047,0.010216769616826034,-0.028150772486266504,0.028150772486266504
45990,2021-12-29,3957700.0,1,0.018497109826589586,0.00037265383304850585,0.01812445599354108,-0.01812445599354108
46250,2017-08-10,87500.0,0,-0.06503298774740807,-0.010530487919873844,-0.054502499827534225,0.054502499827534225
46570,2019-05-07,381200.0,0,0.15384615384615374,-0.012010060839842228,0.16585621468599598,-0.16585621468599598
46570,2021-04-20,424200.0,0,-0.14077669902912626,-0.01856870808773975,-0.12220799094138651,0.12220799094138651
46640,2018-02-08,247700.0,0,-0.09090909090909094,-0.017723734049516784,-0.07318535685957415,0.07318535685957415
46640,2018-03-19,475900.0,0,0.004765146358066685,-0.0013418767818951496,0.006107023139961835,-0.006107023139961835
46990,2019-12-10,66300.0,0,0.01067615658362997,-0.002446205430366199,0.013122362013996169,-0.013122362013996169
47120,2020-05-21,10002400.0,1,0.0,-0.0021711634916713445,0.0021711634916713445,-0.0021711634916713445
47120,2020-06-26,16315900.0,1,-0.029761904761904767,-0.016373765670358763,-0.013388139091546004,0.013388139091546004
47280,2017-06-19,683500.0,1,-0.08421537045559135,0.0059457975339143945,-0.09016116798950574,0.09016116798950574
47360,2020-06-03,151400.0,0,-0.0406852248394004,-0.0014148415858306707,-0.039270383253569734,0.039270383253569734
47610,2024-04-08,135000.0,0,-0.00709723207948898,0.007097073987412406,-0.014194306066901386,0.014194306066901386
47640,2017-10-17,502700.0,0,-0.013698630136986356,-0.002676857878480902,-0.011021772258505454,0.011021772258505454
47640,2018-05-25,7520900.0,1,0.06290672451193058,-0.0004707509102293739,0.06337747542215995,-0.06337747542215995
47640,2018-06-14,7199000.0,1,0.12159709618874781,-0.0014656436131569898,0.1230627398019048,-0.1230627398019048
47640,2019-07-17,4063000.0,1,-0.06358381502890176,-0.019252470402732938,-0.04433134462616882,0.04433134462616882
47720,2017-07-06,1166500.0,1,0.032352941176470695,-0.0019557154129540206,0.03430865658942472,-0.03430865658942472
47720,2020-06-11,808800.0,1,-0.03347280334728031,-0.01554865445905344,-0.01792414888822687,0.01792414888822687
47720,2020-08-04,1186200.0,1,0.01225490196078427,0.004491141290104276,0.007763760670679994,-0.007763760670679994
47840,2024-07-05,503800.0,0,-0.04677419354838708,-0.0013583958583390397,-0.04541579769004804,0.04541579769004804
47840,2025-04-24,565800.0,1,0.0004035512510087713,0.006499875303930483,-0.0060963240529217115,0.0060963240529217115
48140,2017-06-26,1844000.0,1,-0.03439153439153442,0.004271501565362333,-0.03866303595689675,0.03866303595689675
48140,2022-06-20,1800700.0,1,0.0,0.020091814389005116,-0.020091814389005116,0.020091814389005116
48140,2025-04-25,1349600.0,1,0.027932960893854775,0.005648834693754954,0.02228412620009982,-0.02228412620009982
48240,2018-01-24,1108200.0,1,-0.04329004329004327,-0.003070377463754161,-0.04021966582628911,0.04021966582628911
48330,2017-07-07,414000.0,0,-0.0676258992805755,0.007654204539746124,-0.07528010382032162,0.07528010382032162
48330,2025-09-09,6962300.0,1,0.125,0.0021785963980694616,0.12282140360193054,-0.12282140360193054
48800,2020-06-26,74700.0,0,-0.002522357257509822,-0.016373765670358763,0.013851408412848942,-0.013851408412848942
48820,2023-09-26,1727800.0,1,-0.026066350710900466,0.004185351034906372,-0.03025170174580684,0.03025170174580684
48820,2023-11-22,2351600.0,1,-0.11708482676224607,0.004030544465817685,-0.12111537122806376,0.12111537122806376
48820,2024-07-29,4322800.0,1,0.11302982731554168,-0.007117770776972143,0.12014759809251382,-0.12014759809251382
48820,2025-03-25,3505600.0,1,-0.05700934579439254,0.004229672033800921,-0.061239017828193465,0.061239017828193465
48830,2024-08-19,9648400.0,1,0.07407407407407418,0.01522531001279804,0.05884876406127614,-0.05884876406127614
48830,2024-11-01,17380600.0,1,-0.0757575757575758,0.003081700849575837,-0.07883927660715163,0.07883927660715163
48890,2025-01-21,849800.0,1,0.21306818181818188,0.005085923616291961,0.20798225820188992,-0.20798225820188992
48890,2025-06-10,1605200.0,1,-0.06355932203389836,0.005253374531872012,-0.06881269656577037,0.06881269656577037
48910,2023-06-20,,0,0.03264094955489605,0.0033952134761849172,0.02924573607871113,-0.02924573607871113
48920,2023-03-17,1361800.0,1,-0.04534606205250602,-0.01594030780113094,-0.02940575425137508,0.02940575425137508
48920,2025-02-25,1039900.0,1,0.07396733909702213,-0.0030897359688923996,0.07705707506591453,-0.07705707506591453
48940,2024-06-05,688400.0,1,-0.0320754716981132,-0.0031530223256719266,-0.028922449372441275,0.028922449372441275
49180,2021-07-09,350200.0,0,-0.021035598705501646,0.01409681295680504,-0.035132411662306684,0.035132411662306684
49350,2024-05-30,169000.0,0,0.005947323704333041,0.013913036508861982,-0.007965712804528942,0.007965712804528942
49350,2024-07-24,452600.0,0,0.006809338521400754,-0.013232190753989513,0.02004152927539027,-0.02004152927539027
49350,2024-12-20,406100.0,0,0.21739130434782616,0.003382931518740854,0.2140083728290853,-0.2140083728290853
49350,2025-06-04,1047700.0,1,-0.06153846153846154,-0.0020578332240557824,-0.05948062831440576,0.05948062831440576
49350,2025-07-17,1151600.0,1,-0.027624309392265234,-0.0035016328512428967,-0.024122676541022337,0.024122676541022337
49370,2023-05-12,214500.0,0,-0.050561797752809,0.001920306024354432,-0.05248210377716343,0.05248210377716343
49990,2017-11-09,148800.0,0,-0.05442804428044279,-0.0011659337082403883,-0.0532621105722024,0.0532621105722024
50090,2019-07-08,792000.0,1,-0.11584327086882451,-0.0035507564169695114,-0.112292514451855,0.112292514451855
50250,2022-05-24,160800.0,0,-0.016568047337278125,-0.004957727565660652,-0.011610319771617472,0.011610319771617472
50250,2023-06-23,,0,-0.04123711340206182,-0.0034142976926337322,-0.03782281570942809,0.03782281570942809
50250,2024-09-18,122900.0,0,0.0012594458438286438,0.012260487284149501,-0.011001041440320857,0.011001041440320857
50320,2022-10-04,550700.0,1,-0.021293375394321745,0.0013648947228270766,-0.022658270117148823,0.022658270117148823
50350,2022-08-09,808400.0,1,-0.14099616858237551,-0.004492169297827237,-0.1365039992845483,0.1365039992845483
51310,2024-05-02,1201200.0,1,-0.028037383177570097,0.00837518729839292,-0.03641257047596302,0.03641257047596302
51320,2023-01-31,329600.0,0,0.09917191451380947,0.00214362862060316,0.0970282858932063,-0.0970282858932063
51320,2023-03-08,210500.0,0,-0.032715019465436534,0.004888859425550832,-0.03760387889098737,0.03760387889098737
51890,2023-04-12,48200.0,0,-0.08389261744966447,0.0022104224785916746,-0.08610303992825614,0.08610303992825614
52120,2020-09-04,92100.0,0,-0.1166306695464363,0.0002342660611256371,-0.11686493560756195,0.11686493560756195
52120,2020-11-13,88300.0,0,0.19501751654340205,0.00822513663438768,0.18679237990901437,-0.18679237990901437
52160,2018-10-03,1731600.0,1,0.0,0.0008649350543236477,-0.0008649350543236477,0.0008649350543236477
52160,2024-04-23,3033500.0,1,-0.03985507246376807,0.0073415561485437155,-0.04719662861231179,0.04719662861231179
52160,2024-05-30,3310500.0,1,-0.11059907834101379,0.013913036508861982,-0.12451211484987577,0.12451211484987577
52400,2024-02-26,1286000.0,1,-0.0941028858218319,0.004728597443137485,-0.09883148326496939,0.09883148326496939
52420,2024-05-31,44400.0,0,0.013817809621289756,0.004782428830546852,0.009035380790742904,-0.009035380790742904
52430,2023-02-16,1418400.0,1,0.003030303030302939,-0.0017045527209522799,0.004734855751255219,-0.004734855751255219
52430,2023-03-09,1822000.0,1,-0.02278481012658229,-0.01210640831472048,-0.01067840181186181,0.01067840181186181
52430,2025-01-24,1207700.0,1,0.06562193927522042,0.00521791513917339,0.06040402413604703,-0.06040402413604703
52440,2023-08-24,2560900.0,1,0.028235294117647136,-0.0006466770042527375,0.028881971121899875,-0.028881971121899875
52460,2023-01-06,987100.0,1,-0.089126559714795,0.005759264634810486,-0.09488582434960548,0.09488582434960548
52460,2023-02-03,1240000.0,1,0.1200000000000001,0.0033845273957516064,0.1166154726042485,-0.1166154726042485
52460,2024-02-09,2050200.0,1,-0.029950083194675514,0.00783125615082425,-0.037781339345499765,0.037781339345499765
52460,2024-07-03,2068700.0,1,0.011267605633802802,0.0024589640273990424,0.00880864160640376,-0.00880864160640376
52460,2025-02-06,2868700.0,1,0.036101083032491044,0.0011235524708580677,0.034977530561632976,-0.034977530561632976
52470,2023-03-10,175000.0,0,-0.02595155709342556,-0.012832178056277089,-0.01311937903714847,0.01311937903714847
52470,2024-12-11,79300.0,0,-0.023790322580645173,0.002631662546012339,-0.026421985126657513,0.026421985126657513
52770,2017-08-29,300900.0,0,0.018292682926829285,0.00453720471677783,0.013755478210051453,-0.013755478210051453
52770,2025-01-31,874300.0,1,-0.04126213592233008,-0.012107428470870473,-0.029154707451459608,0.029154707451459608
52870,2019-10-17,174500.0,0,-0.021386908619572265,0.0019880485027086547,-0.02337495712228092,0.02337495712228092
53370,2020-07-28,1838500.0,1,-0.069620253164557,-0.014605195227775801,-0.0550150579367812,0.0550150579367812
53370,2020-09-09,1268600.0,1,0.02127659574468077,0.005382440709589477,0.015894155035091295,-0.015894155035091295
53810,2017-08-25,1687000.0,1,-0.04489164086687303,0.005232836437093359,-0.05012447730396639,0.05012447730396639
54910,2020-12-01,558800.0,1,0.013445378151260456,0.004437358444156517,0.00900801970710394,-0.00900801970710394
55350,2024-06-18,654900.0,1,0.02122065727699529,0.002209627555586526,0.019011029721408765,-0.019011029721408765
55350,2025-02-21,995800.0,1,-0.015202702702702742,-0.002555679324908608,-0.012647023377794133,0.012647023377794133
55420,2021-03-09,225900.0,0,-0.07156076495990127,0.0014778898876394756,-0.07303865484754074,0.07303865484754074
55740,2024-02-19,1320600.0,1,-0.03428571428571425,0.002318555285920518,-0.03660426957163477,0.03660426957163477
55740,2025-02-07,649900.0,1,0.011272141706924366,0.004773350578294365,0.006498791128630001,-0.006498791128630001
55860,2024-03-15,1520200.0,1,0.23460410557184752,0.010740892168990174,0.22386321340285734,-0.22386321340285734
55950,2024-02-09,4138800.0,1,0.21026072329688805,0.00783125615082425,0.2024294671460638,-0.2024294671460638
55970,2025-03-03,499500.0,0,-0.019905213270142164,-0.005247332277527234,-0.01465788099261493,0.01465788099261493
55970,2025-06-17,646700.0,1,-0.020883924235065576,0.00344765619117173,-0.024331580426237308,0.024331580426237308
55970,2025-08-07,810000.0,1,-0.01420029895366215,0.00181037354760331,-0.01601067250126546,0.01601067250126546
56100,2023-09-01,67600.0,0,-0.07586206896551728,0.006711708135259119,-0.0825737771007764,0.0825737771007764
56120,2019-07-09,201500.0,0,0.021011673151750898,0.00022291534515031636,0.020788757806600583,-0.020788757806600583
56140,2020-10-12,924600.0,1,-0.013698630136986356,0.0010696271605749178,-0.014768257297561274,0.014768257297561274
56160,2024-09-06,164400.0,0,-0.09099181073703366,-0.003837857574344887,-0.08715395316268877,0.08715395316268877
56970,2017-10-30,289000.0,0,-0.023668639053254448,0.002540502010712483,-0.02620914106396693,0.02620914106396693
57040,2017-02-27,692700.0,1,-0.017241379310344862,0.0033647496311266815,-0.020606128941471544,0.020606128941471544
57040,2018-09-04,518100.0,0,0.06746987951807237,-0.004480523801169064,0.07195040331924143,-0.07195040331924143
57810,2020-10-05,134000.0,0,-0.005434782608695676,0.004790724947906946,-0.010225507556602623,0.010225507556602623
57810,2023-02-21,227700.0,0,-0.04230769230769227,-0.006034821246738964,-0.0362728710609533,0.0362728710609533
58170,2017-04-26,568700.0,1,0.1578947368421053,0.005100201292730418,0.1527945355493749,-0.1527945355493749
58170,2020-01-24,400200.0,0,-0.04210526315789476,-0.01658258457055938,-0.02552267858733538,0.02552267858733538
58170,2020-06-19,581400.0,1,-0.04427645788336931,0.0028884909774345574,-0.04716494886080387,0.04716494886080387
58200,2023-03-29,209700.0,0,-0.08074218749999995,-0.0039929178289418435,-0.0767492696710581,0.0767492696710581
58850,2024-03-06,220400.0,0,-0.08608414239482198,-0.004499920978186798,-0.08158422141663518,0.08158422141663518
58920,2024-03-14,344700.0,0,0.033064272456511556,-0.000449816739800247,0.033514089196311804,-0.033514089196311804
59500,2017-02-17,688200.0,1,0.0,0.003870392298579276,-0.003870392298579276,0.003870392298579276
59500,2017-11-06,1000900.0,1,0.00967741935483879,0.0035880395155871363,0.006089379839251653,-0.006089379839251653
59500,2020-09-18,1477200.0,1,-0.03658536585365857,-0.0017707526677163683,-0.0348146131859422,0.0348146131859422
59500,2024-06-25,1733800.0,1,-0.03864734299516903,0.0035544569200866355,-0.04220179991525567,0.04220179991525567
59520,2020-09-16,1345600.0,1,-0.19377162629757783,-0.0002523546285320056,-0.1935192716690458,0.1935192716690458
59550,2023-06-02,8841100.0,1,0.0,0.01289820248565361,-0.01289820248565361,0.01289820248565361
59740,2020-12-17,242200.0,0,-0.04670912951167727,-0.0005207855730714046,-0.046188343938605866,0.046188343938605866
59860,2017-09-19,2599400.0,1,-0.046052631578947345,-0.0005308185827219107,-0.04552181299622544,0.04552181299622544
59860,2020-12-08,2244800.0,1,0.01845018450184499,0.004349780994181702,0.014100403507663287,-0.014100403507663287
60160,2020-09-02,150200.0,0,-0.02399808015358773,0.0033501368352472443,-0.027348216988834974,0.027348216988834974
60160,2023-04-10,305100.0,0,-0.03614259898143579,0.005794104141588998,-0.04193670312302479,0.04193670312302479
60290,2019-09-11,759700.0,1,-0.10303030303030303,0.00213179657124452,-0.10516209960154754,0.10516209960154754
60330,2018-08-10,360700.0,0,0.16638935108153086,-0.021558566897134895,0.18794791797866575,-0.18794791797866575
60340,2020-04-14,579400.0,1,-0.042483660130718914,-0.004409495891775727,-0.038074164238943185,0.038074164238943185
60640,2018-12-04,786300.0,1,-0.05213903743315507,-0.005551638085206109,-0.046587399347948956,0.046587399347948956
60670,2019-03-19,305600.0,0,-0.001004352192835567,0.004053943210801365,-0.005058295403636932,0.005058295403636932
60690,2017-04-19,749800.0,1,-0.11620400258231112,0.0034041690885074365,-0.11960817167081855,0.11960817167081855
60690,2020-08-26,830000.0,1,0.0111287758346581,-0.004170769631939644,0.015299545466597744,-0.015299545466597744
60720,2023-12-01,3191300.0,1,-0.05882352941176472,0.002312594183867857,-0.06113612359563258,0.06113612359563258
60810,2020-12-01,1586200.0,1,0.03824091778202687,0.004437358444156517,0.033803559337870354,-0.033803559337870354
60900,2020-05-12,127100.0,0,0.0324374420759963,-4.897101409360678e-05,0.03248641309008991,-0.03248641309008991
60950,2025-05-26,2980500.0,1,-0.0027816411682892728,0.005929672841519026,-0.008711314009808298,0.008711314009808298
60960,2019-11-26,251200.0,0,-0.01740812379110257,0.005496608742480382,-0.022904732533582953,0.022904732533582953
61490,2017-08-23,244700.0,0,0.08041958041958042,0.0020050917536710224,0.07841448866590939,-0.07841448866590939
61730,2023-09-05,76000.0,0,-0.03594771241830064,0.001983141807268822,-0.03793085422556946,0.03793085422556946
61760,2018-01-15,1501900.0,1,-0.023565573770491843,0.0011282958211881527,-0.024693869591679997,0.024693869591679997
61770,2018-05-28,1148100.0,1,0.046485260770975145,-0.008480414038806512,0.05496567480978166,-0.05496567480978166
61770,2025-09-02,4017600.0,1,-0.09411764705882353,-0.0048177698030989705,-0.08929987725572455,0.08929987725572455
61930,2018-01-17,674800.0,1,0.018372703412073532,-0.004734011291877687,0.023106714703951217,-0.023106714703951217
61950,2019-06-05,90500.0,0,-0.04238233325897833,-0.004142687827377303,-0.03823964543160103,0.03823964543160103
61950,2019-12-16,195900.0,0,0.04343329886246128,0.006474737316462106,0.03695856154599917,-0.03695856154599917
61980,2021-05-21,646000.0,1,0.07224958949096871,0.00231986780940018,0.06992972168156854,-0.06992972168156854
61980,2021-09-16,934800.0,1,-0.0804455445544554,0.007032380708340484,-0.0874779252627959,0.0874779252627959
62030,2017-10-20,1470800.0,1,-0.025181598062953947,0.009492616800212633,-0.03467421486316658,0.03467421486316658
62080,2017-04-14,649200.0,1,-0.08345752608047685,0.009618511656632408,-0.09307603773710926,0.09307603773710926
62080,2017-10-10,916400.0,1,-0.1267942583732058,-0.0007872833038457441,-0.12600697506936004,0.12600697506936004
62270,2023-11-28,383200.0,0,0.0036546119020346435,-0.000759106279334286,0.004413718181368929,-0.004413718181368929
62280,2023-12-06,457400.0,0,-0.06723684210526326,-0.01018435489952015,-0.05705248720574311,0.05705248720574311
62280,2024-01-04,428000.0,0,-0.04688073394495418,-0.0011799090107289139,-0.04570082493422527,0.04570082493422527
62280,2024-04-15,1280000.0,1,-0.012019230769230727,-0.016006855473188156,0.003987624703957429,-0.003987624703957429
62390,2019-11-20,379100.0,0,-0.01416765053128688,-0.00047654855677661627,-0.013691101974510263,0.013691101974510263
62540,2017-02-24,292100.0,0,0.17441860465116288,-0.004414757983901614,0.1788333626350645,-0.1788333626350645
62540,2025-01-17,3077900.0,1,-0.042032862055789044,0.008585890314524072,-0.050618752370313116,0.050618752370313116
62760,2018-03-12,508700.0,0,0.05099502487562191,0.009467430617121433,0.04152759425850047,-0.04152759425850047
62810,2017-10-30,267200.0,0,0.17772511848341233,0.002540502010712483,0.17518461647269984,-0.17518461647269984
63120,2025-07-25,2764900.0,1,0.013416815742397059,0.0024282588562272783,0.01098855688616978,-0.01098855688616978
63340,2017-05-15,874500.0,1,-0.03950617283950619,0.002500714254288183,-0.042006887093794375,0.042006887093794375
63380,2022-11-21,679300.0,1,0.011272141706924366,0.0056935650732350095,0.005578576633689356,-0.005578576633689356
63780,2019-12-11,2312300.0,1,-0.053221288515406195,-0.0033308977664436123,-0.049890390748962586,0.049890390748962586
63840,2017-09-26,739000.0,1,0.004909180166912108,0.0033778217173830788,0.0015313584495290295,-0.0015313584495290295
64000,2017-12-13,1939700.0,1,-0.06761565836298933,0.004832673203488465,-0.07244833156647779,0.07244833156647779
64000,2020-11-26,1904300.0,1,0.1822323462414579,0.008372688354853445,0.17385965788660446,-0.17385965788660446
64080,2020-01-24,177800.0,0,-0.046875,-0.01658258457055938,-0.03029241542944062,0.03029241542944062
64330,2020-12-14,517300.0,0,-0.09020618556701032,-0.002706871721459108,-0.08749931384555121,0.08749931384555121
64670,2018-02-06,1404400.0,1,0.1449399656946826,0.006262548426451836,0.13867741726823077,-0.13867741726823077
64690,2024-03-11,578600.0,1,0.024051309460181747,0.007957173504483007,0.016094135955698738,-0.016094135955698738
64940,2018-01-23,5883800.0,1,0.014354066985645897,0.0018434109794093153,0.012510656006236581,-0.012510656006236581
65220,2021-11-10,278100.0,0,0.11899932386747802,-0.0021812369937858358,0.12118056086126386,-0.12118056086126386
65220,2024-06-11,527300.0,0,-0.08375634517766495,-0.0006758038405505948,-0.08308054133711436,0.08308054133711436
65310,2019-01-24,322900.0,0,-0.02230720203951564,0.007697740122488192,-0.03000494216200383,0.03000494216200383
65310,2020-09-01,305800.0,0,-0.06513872135102539,0.0026176071493968483,-0.06775632850042224,0.06775632850042224
65330,2017-12-04,646600.0,1,-0.006454816285997977,-0.0018967978282537026,-0.004558018457744275,0.004558018457744275
65370,2017-02-28,169100.0,0,0.03871829105473967,0.005415530419904171,0.033302760634835504,-0.033302760634835504
65410,2017-03-08,85000.0,0,0.03861192570870009,0.0032894690827080663,0.035322456625992024,-0.035322456625992024
65470,2020-04-01,190400.0,0,-0.02981029810298108,-0.01974849888627312,-0.01006179921670796,0.01006179921670796
65500,2022-09-29,1616900.0,1,-0.03105590062111796,-0.010880732558649873,-0.020175168062468087,0.020175168062468087
65540,2021-11-12,535000.0,1,0.15479876160990713,0.003257566475517552,0.15154119513438957,-0.15154119513438957
65570,2023-02-13,292000.0,0,-0.018789144050104345,0.005837612528254976,-0.024626756578359322,0.024626756578359322
65670,2023-01-20,245500.0,0,-0.022058823529411797,0.010234465298513006,-0.0322932888279248,0.0322932888279248
65680,2023-02-21,694500.0,1,-0.04453441295546556,-0.006034821246738964,-0.0384995917087266,0.0384995917087266
65730,2020-06-26,368900.0,0,-0.11118881118881119,-0.016373765670358763,-0.09481504551845242,0.09481504551845242
65730,2024-04-22,4243300.0,1,-0.10596026490066224,0.0038798600351278483,-0.10984012493579008,0.10984012493579008
65740,2025-09-01,13037900.0,1,-0.12903225806451613,0.002861469467104197,-0.13189372753162032,0.13189372753162032
65780,2023-06-01,374400.0,0,-0.019933554817275767,0.010948512522970097,-0.030882067340245865,0.030882067340245865
65790,2020-08-21,212600.0,0,0.17174136161477938,0.003137671017200684,0.16860369059757868,-0.16860369059757868
65790,2022-03-11,249300.0,0,-0.025352112676056304,0.007260394291204304,-0.032612506967260604,0.032612506967260604
65790,2022-10-27,240100.0,0,-0.03482142857142856,-0.004046765426066528,-0.03077466314536203,0.03077466314536203
65800,2019-03-12,159100.0,0,-0.11736263736263741,-0.00543289921746926,-0.11192973814516816,0.11192973814516816
65840,2019-11-12,2826700.0,1,-0.012057272042200418,-0.0057642937055188866,-0.006292978336681531,0.006292978336681531
65970,2020-01-17,626000.0,1,-0.06340694006309144,0.005814983470731615,-0.06922192353382306,0.06922192353382306
66140,2021-04-01,459200.0,0,-0.02541026998411855,0.00463333979628427,-0.030043609780402818,0.030043609780402818
66140,2021-04-14,331800.0,0,-0.03295128939828085,0.000684985148618669,-0.03363627454689952,0.03363627454689952
66140,2021-06-04,389000.0,0,0.07313317936874508,0.002962418579880419,0.07017076078886467,-0.07017076078886467
66180,2017-09-21,1478500.0,1,-0.04895738893925661,-0.005908309912346718,-0.04304907902690989,0.04304907902690989
66190,2022-06-29,15233600.0,1,0.001322751322751392,-0.008413986707900478,0.00973673803065187,-0.00973673803065187
66260,2018-01-10,120100.0,0,-0.0030737704918032405,0.0011028360484479037,-0.004176606540251144,0.004176606540251144
66280,2017-06-29,7489700.0,1,0.0705394190871369,-0.002763446107726045,0.07330286519486294,-0.07330286519486294
66350,2020-02-07,122100.0,0,-0.035010940919037226,-0.0038180564452784194,-0.031192884473758807,0.031192884473758807
66350,2020-06-02,129900.0,0,-0.02571428571428569,0.0019525502384874916,-0.02766683595277318,0.02766683595277318
66350,2021-01-04,393900.0,0,-0.03383458646616544,-0.0005929906929461263,-0.033241595773219314,0.033241595773219314
66560,2019-12-17,897300.0,1,-0.032449544914918915,-0.004906241333369761,-0.027543303581549154,0.027543303581549154
66560,2020-02-13,553100.0,1,-0.06326889279437609,-0.007997079657613385,-0.0552718131367627,0.0552718131367627
66580,2017-10-10,2302500.0,1,-0.033333333333333326,-0.0007872833038457441,-0.03254605002948758,0.03254605002948758
66580,2020-10-20,1015900.0,1,0.006472491909385036,0.007235377804975063,-0.0007628858955900262,0.0007628858955900262
66590,2020-09-14,1569100.0,1,-0.013136288998357948,0.0020749362679642613,-0.01521122526632221,0.01521122526632221
66590,2021-03-23,1589400.0,1,-0.06946983546617913,-0.021155062010469117,-0.04831477345571002,0.04831477345571002
66590,2022-04-22,984400.0,1,-0.05241935483870963,-0.011887791883710907,-0.040531562954998726,0.040531562954998726
66590,2022-07-14,2633400.0,1,-0.008196721311475419,-0.0026482951952644116,-0.005548426116211007,0.005548426116211007
66590,2024-04-15,7367800.0,1,0.0,-0.016006855473188156,0.016006855473188156,-0.016006855473188156
66630,2017-03-15,319800.0,0,-0.015330188679245293,0.00516182849655528,-0.020492017175800573,0.020492017175800573
66660,2017-06-14,909000.0,1,-0.04295532646048106,-0.002091296119416756,-0.040864030341064304,0.040864030341064304
66960,2023-02-01,786100.0,1,0.17574692442882256,-0.0012588444957166115,0.17700576892453918,-0.17700576892453918
66960,2023-06-02,884300.0,1,-0.02685950413223137,0.01289820248565361,-0.03975770661788498,0.03975770661788498
66960,2024-04-15,741300.0,1,-0.04021447721179627,-0.016006855473188156,-0.024207621738608118,0.024207621738608118
66960,2024-05-31,750000.0,1,0.14534883720930236,0.004782428830546852,0.1405664083787555,-0.1405664083787555
67210,2020-09-28,3409300.0,1,0.03344481605351168,0.005148709570681652,0.02829610648283003,-0.02829610648283003
67310,2017-06-16,6619600.0,1,0.009708737864077666,0.008293354293097412,0.0014153835709802536,-0.0014153835709802536
67340,2017-05-15,131100.0,0,0.010903426791277315,0.002500714254288183,0.008402712536989132,-0.008402712536989132
67340,2020-01-15,148900.0,0,0.0008216926869351049,-0.0015799497205817,0.002401642407516805,-0.002401642407516805
67680,2021-06-28,7745800.0,1,-0.04391891891891897,-0.006357612105941047,-0.037561306812977924,0.037561306812977924
67690,2024-07-09,953800.0,1,-0.04105571847507328,-0.0026627239078080072,-0.03839299456726527,0.03839299456726527
67720,2017-02-08,1542000.0,1,0.020618556701030855,-0.0011717167732530644,0.02179027347428392,-0.02179027347428392
67720,2017-03-15,1838000.0,1,-0.01412429378531077,0.00516182849655528,-0.01928612228186605,0.01928612228186605
67760,2019-09-19,2183100.0,1,-0.06795224977043157,0.0032870848988195986,-0.07123933466925117,0.07123933466925117
67760,2020-12-18,1175200.0,1,-0.06013745704467355,-0.004144584513350641,-0.05599287253132291,0.05599287253132291
68350,2018-01-22,9777300.0,1,-0.055118110236220486,0.009087399094605519,-0.064205509330826,0.064205509330826
68350,2018-03-09,11365000.0,1,0.11983471074380159,0.009867783376140254,0.10996692736766134,-0.10996692736766134
68350,2020-06-19,8959900.0,1,0.008474576271186418,0.0028884909774345574,0.005586085293751861,-0.005586085293751861
68360,2017-04-25,97800.0,0,0.030827579500145808,0.011615308764463596,0.019212270735682213,-0.019212270735682213
68360,2024-08-19,183500.0,0,-0.03262426981152866,0.01522531001279804,-0.0478495798243267,0.0478495798243267
68360,2025-03-21,430400.0,0,-0.01174191275758818,-0.0011989147407561254,-0.010542998016832054,0.010542998016832054
68400,2019-12-05,140100.0,0,0.027027027027026973,0.005147498486410627,0.021879528540616346,-0.021879528540616346
68400,2021-02-02,160100.0,0,0.0026881720430107503,0.008682555741865466,-0.005994383698854716,0.005994383698854716
68640,2017-08-25,434400.0,0,-0.00868306801736618,0.005232836437093359,-0.01391590445445954,0.01391590445445954
68670,2019-12-30,539600.0,1,-0.05429553264604814,-0.010281425481042078,-0.04401410716500606,0.04401410716500606
68970,2020-06-25,310000.0,0,-0.13994565217391308,0.004660907883478226,-0.1446065600573913,0.1446065600573913
68970,2020-11-13,2193300.0,1,0.26578073089700993,0.00822513663438768,0.25755559426262226,-0.25755559426262226
68980,2021-09-24,95200.0,0,-0.048462929475587724,-0.00030687046491485287,-0.04815605901067287,0.04815605901067287
68980,2022-09-08,180500.0,0,0.20270270270270263,0.00641163197289343,0.1962910707298092,-0.1962910707298092
69010,2017-04-04,1299000.0,1,-0.028257456828885363,-0.001801120074855863,-0.0264563367540295,0.0264563367540295
69070,2018-02-05,554800.0,1,-0.10120311394196746,-0.062110579276357186,-0.03909253466561027,0.03909253466561027
69070,2021-02-04,478100.0,0,-0.10043290043290043,0.009315522914083711,-0.10974842334698415,0.10974842334698415
69270,2023-04-27,3048100.0,1,-0.010204081632653073,0.00991032484153412,-0.02011440647418719,0.02011440647418719
69270,2023-06-27,,0,-0.022535211267605604,0.011533060396005563,-0.03406827166361116,0.03406827166361116
69370,2020-06-23,1361800.0,1,0.04828551434569639,-0.002490177372181203,0.050775691717877595,-0.050775691717877595
69380,2017-10-19,900100.0,1,0.07323232323232332,-0.0011408349927843162,0.07437315822510764,-0.07437315822510764
69550,2017-10-03,18601000.0,1,-0.013468013468013518,-0.0018536848363233309,-0.011614328631690186,0.011614328631690186
69690,2017-09-15,5395000.0,1,-0.020618556701030966,0.012580559672145117,-0.03319911637317608,0.03319911637317608
69690,2020-12-08,281700.0,0,-0.02786885245901638,0.004349780994181702,-0.03221863345319808,0.03221863345319808
69820,2020-12-02,257400.0,0,0.029055690072639306,0.0014891420610495343,0.02756654801158977,-0.02756654801158977
69930,2021-06-16,21714700.0,1,-0.0461538461538461,-0.00275483986130667,-0.043399006292539434,0.043399006292539434
69930,2024-07-08,23275900.0,1,-0.050000000000000044,0.0018760203602467545,-0.0518760203602468,0.0518760203602468
70030,2024-03-13,22660900.0,1,-0.05385810460901086,0.005361760267666347,-0.05921986487667721,0.05921986487667721
70180,2023-08-14,211700.0,0,0.17182130584192445,6.016407621636753e-05,0.1717611417657081,-0.1717611417657081
70370,2023-02-07,327600.0,0,-0.012779552715655007,0.0024237557122408883,-0.015203308427895895,0.015203308427895895
70420,2021-06-07,129500.0,0,-0.05071967100753938,0.00518591639633415,-0.05590558740387353,0.05590558740387353
70420,2023-03-22,105400.0,0,-0.0644567219152854,0.0037748996846137385,-0.06823162159989914,0.06823162159989914
70440,2022-04-13,689100.0,1,-0.09320388349514563,0.005479704075492111,-0.09868358757063775,0.09868358757063775
70480,2019-02-25,834700.0,1,-0.04834054834054835,-0.0030241549187322568,-0.04531639342181609,0.04531639342181609
70480,2020-03-25,488700.0,0,-0.16142557651991618,-0.015769551109605526,-0.14565602541031064,0.14565602541031064
70500,2021-09-24,229100.0,0,0.05063291139240511,-0.00030687046491485287,0.05093978185731996,-0.05093978185731996
70630,2021-09-22,220000.0,0,-0.12374886260236584,0.020476721984992213,-0.14422558458735804,0.14422558458735804
70630,2023-12-01,208900.0,0,-0.0625,0.002312594183867857,-0.06481259418386785,0.06481259418386785
70660,2022-04-12,234600.0,0,0.278810408921933,0.013496308694767813,0.2653141002271652,-0.2653141002271652
70660,2023-03-13,341800.0,0,-0.028462998102466774,-0.02163186130512024,-0.006831136797346534,0.006831136797346534
70680,2020-06-25,300500.0,0,0.10477548111190305,0.004660907883478226,0.10011457322842482,-0.10011457322842482
70680,2020-08-28,309600.0,0,0.06270627062706269,0.018265206979391997,0.04444106364767069,-0.04444106364767069
70720,2021-08-27,254700.0,0,-0.0817686250757117,0.01208762515231417,-0.09385625022802586,0.09385625022802586
70780,2021-02-25,112400.0,0,0.022645891802961504,-0.017306273034835278,0.03995216483779678,-0.03995216483779678
70780,2021-03-31,121900.0,0,0.016112643344462274,-0.0007041125908616266,0.0168167559353239,-0.0168167559353239
70780,2021-11-08,404300.0,0,-0.19390581717451527,-0.008768545534049363,-0.1851372716404659,0.1851372716404659
70820,2020-08-27,491700.0,0,-0.08092868988391377,-0.0158303898063255,-0.06509830007758827,0.06509830007758827
70890,2021-08-18,107100.0,0,-0.10689655172413792,-0.01083215100138054,-0.09606440072275738,0.09606440072275738
70930,2020-06-03,161200.0,0,0.015988372093023173,-0.0014148415858306707,0.017403213678853845,-0.017403213678853845
70940,2020-05-26,221500.0,0,0.0052687453308692955,0.010780719649181715,-0.005511974318312419,0.005511974318312419
70950,2020-07-01,304700.0,0,-0.05092592592592593,-0.014530421684540988,-0.03639550424138494,0.03639550424138494
71380,2022-08-31,147500.0,0,-0.10082404265632583,-0.010720486516082013,-0.09010355614024382,0.09010355614024382
71380,2023-03-16,130800.0,0,0.00575079872204487,0.011213814702181293,-0.005463015980136423,0.005463015980136423
71380,2025-07-17,111200.0,0,-0.05935483870967739,-0.0035016328512428967,-0.05585320585843449,0.05585320585843449
72420,2018-10-25,1504700.0,1,-0.026792750197005555,-0.014705595427924066,-0.012087154769081489,0.012087154769081489
72540,2021-08-17,850800.0,1,-0.017578125,0.007514685073254221,-0.025092810073254222,0.025092810073254222
72540,2022-01-06,891800.0,1,-0.12956204379562042,-0.001513092885793728,-0.12804895090982668,0.12804895090982668
72710,2017-09-15,965500.0,1,-0.0015923566878981443,0.012580559672145117,-0.014172916360043262,0.014172916360043262
72730,2025-07-15,2023200.0,1,0.003676470588235281,-0.00019281159328323746,0.0038692821815185185,-0.0038692821815185185
72970,2017-11-02,107600.0,0,-0.057251908396946605,-0.002363039207798489,-0.054888869189148114,0.054888869189148114
73530,2020-09-11,120300.0,0,0.0031024105730153018,0.010159598989817194,-0.007057188416801892,0.007057188416801892
73590,2022-07-01,350200.0,0,-0.11252992817238627,0.007367465101652672,-0.11989739327403895,0.11989739327403895
73590,2022-09-14,494900.0,0,-0.07015384615384612,0.0009117784352696363,-0.07106562458911576,0.07106562458911576
73590,2023-02-27,805200.0,1,-0.046666666666666634,0.002465969099443793,-0.049132635766110426,0.049132635766110426
73630,2021-04-06,151400.0,0,-0.03681592039800996,0.008592344179644181,-0.045408264577654144,0.045408264577654144
73690,2023-07-26,162100.0,0,0.046086956521739,0.0020860710295146283,0.04400088549222437,-0.04400088549222437
73730,2021-11-04,338200.0,0,0.10447761194029859,-0.006737125567858143,0.11121473750815673,-0.11121473750815673
74260,2024-03-11,210100.0,0,-0.1864181091877497,0.007957173504483007,-0.1943752826922327,0.1943752826922327
74480,2017-07-10,1080400.0,1,-0.03101920236336775,0.006521732555128949,-0.03754093491849669,0.03754093491849669
74480,2020-10-26,584900.0,1,-0.023255813953488413,0.003045282136575542,-0.026301096090063956,0.026301096090063956
74620,2018-07-18,79300.0,0,0.020053475935828846,5.271694117354402e-05,0.020000758994655303,-0.020000758994655303
74620,2020-05-12,264900.0,0,0.008620689655172376,-4.897101409360678e-05,0.008669660669265982,-0.008669660669265982
75190,2017-06-29,4214000.0,1,0.02005730659025784,-0.002763446107726045,0.022820752697983886,-0.022820752697983886
75190,2017-08-30,4913000.0,1,0.06529209621993126,0.005621738795653295,0.05967035742427797,-0.05967035742427797
75670,2017-10-17,347600.0,0,-0.08466819221967958,-0.002676857878480902,-0.08199133434119868,0.08199133434119868
75670,2019-10-31,651700.0,1,-0.03194444444444444,-0.001730133200510775,-0.030214311243933666,0.030214311243933666
75770,2019-10-07,482100.0,0,0.003389830508474523,0.008842393390355873,-0.00545256288188135,0.00545256288188135
75770,2020-11-24,518600.0,0,-0.08278145695364236,-0.003085760660289001,-0.07969569629335337,0.07969569629335337
75850,2021-10-15,86500.0,0,-0.03867403314917128,0.0016481560091736178,-0.0403221891583449,0.0403221891583449
76030,2025-06-25,3316500.0,1,-0.08571428571428574,0.0025431456784744707,-0.08825743139276021,0.08825743139276021
76100,2020-06-25,16228000.0,1,0.04672897196261672,0.004660907883478226,0.04206806407913849,-0.04206806407913849
76150,2025-08-25,2618800.0,1,-0.25259515570934254,-0.0043339518187279664,-0.24826120389061457,0.24826120389061457
76230,2023-02-09,221000.0,0,-0.003978779840848823,-0.0033997465637153616,-0.0005790332771334612,0.0005790332771334612
76240,2018-01-15,1633200.0,1,-0.018817204301075252,0.0011282958211881527,-0.019945500122263406,0.019945500122263406
76250,2020-09-01,1045100.0,1,0.04587155963302747,0.0026176071493968483,0.04325395248363062,-0.04325395248363062
76250,2021-01-04,1064800.0,1,-0.03960396039603964,-0.0005929906929461263,-0.039010969703093513,0.039010969703093513
76250,2021-05-12,682400.0,1,-0.011331444759206777,-0.014879524379442009,0.003548079620235232,-0.003548079620235232
76700,2023-03-09,527800.0,0,-0.023201856148491906,-0.01210640831472048,-0.011095447833771427,0.011095447833771427
76870,2020-04-24,291100.0,0,0.022647058823529465,0.017986573529394454,0.00466048529413501,-0.00466048529413501
76920,2022-10-06,218800.0,0,0.038461538461538325,-0.004489897273921299,0.04295143573545963,-0.04295143573545963
76920,2023-02-27,1130300.0,1,-0.16219369894982505,0.002465969099443793,-0.16465966804926885,0.16465966804926885
76920,2023-04-13,3218400.0,1,-0.020285958694855055,0.004247937186310935,-0.02453389588116599,0.02453389588116599
76920,2024-03-05,16377400.0,1,-0.05696202531645567,0.00876670949619706,-0.06572873481265273,0.06572873481265273
77070,2017-06-09,2410200.0,1,-0.009448818897637823,-0.00042058639424716896,-0.009028232503390654,0.009028232503390654
77070,2017-07-04,2994300.0,1,-0.03823178016726403,0.005683726237847331,-0.04391550640511136,0.04391550640511136
77070,2020-05-20,2862500.0,1,0.041144901610017826,0.00491017278126524,0.03623472882875259,-0.03623472882875259
77070,2022-07-21,2151600.0,1,-0.05739795918367352,0.0019279243613327458,-0.059325883545006265,0.059325883545006265
77070,2024-08-23,2631200.0,1,-0.07129094412331405,0.005422034619976948,-0.076712978743291,0.076712978743291
77090,2019-01-24,1373900.0,1,-0.06553911205073992,0.007697740122488192,-0.07323685217322812,0.07323685217322812
77110,2025-10-17,511700.0,0,0.155925155925156,0.014422142238857714,0.14150301368629828,-0.14150301368629828
77260,2020-12-10,236400.0,0,-0.027515723270440273,0.007492939454716252,-0.03500866272515653,0.03500866272515653
77460,2017-07-18,3580700.0,1,0.012765957446808418,0.0030941664214596152,0.009671791025348802,-0.009671791025348802
77460,2017-10-02,4013900.0,1,-0.011111111111111072,0.00341459653447097,-0.014525707645582041,0.014525707645582041
77460,2024-12-06,2164700.0,1,-0.08695652173913049,0.0050401377506976075,-0.09199665948982809,0.09199665948982809
77460,2025-09-17,5186900.0,1,-0.07169811320754715,0.002333352673721189,-0.07403146588126834,0.07403146588126834
77480,2018-08-27,345400.0,0,-0.11376858435681969,-0.00013080077035302262,-0.11363778358646667,0.11363778358646667
77600,2020-12-14,618700.0,1,-0.08689248895434465,-0.002706871721459108,-0.08418561723288553,0.08418561723288553
77760,2018-02-27,1349600.0,1,-0.0027210884353741083,0.00011087088267322826,-0.0028319593180473365,0.0028319593180473365
77760,2023-01-26,4275400.0,1,-0.01933701657458564,0.00085597159120779,-0.020192988165793433,0.020192988165793433
77760,2023-09-21,5375100.0,1,-0.023866348448687402,0.004097591588064743,-0.027963940036752146,0.027963940036752146
77760,2024-07-09,5054000.0,1,0.1536098310291858,-0.0026627239078080072,0.1562725549369938,-0.1562725549369938
77820,2021-01-05,316300.0,0,0.013412816691505292,0.006386798112830563,0.007026018578674728,-0.007026018578674728
77930,2023-04-07,229600.0,0,-0.05411103302881237,0.0072742164485361865,-0.06138524947734856,0.06138524947734856
77940,2022-11-29,278400.0,0,-0.01115384615384618,-0.004043782920711639,-0.007110063233134542,0.007110063233134542
78080,2021-10-27,148200.0,0,0.032863849765258246,-0.0005656577526339636,0.03342950751789221,-0.03342950751789221
78270,2017-04-12,202000.0,0,0.2325581395348837,-0.0020779179922745003,0.2346360575271582,-0.2346360575271582
78310,2021-04-19,1533600.0,1,-0.040000000000000036,-0.009222750139395552,-0.030777249860604483,0.030777249860604483
78510,2019-01-21,239500.0,0,0.058380414312617646,-0.0048734793871541525,0.0632538936997718,-0.0632538936997718
78510,2021-01-29,284500.0,0,0.021943573667711602,0.007071346320208157,0.014872227347503444,-0.014872227347503444
78550,2017-04-27,185600.0,0,0.006230529595015577,-0.002000962763090515,0.008231492358106092,-0.008231492358106092
78590,2017-06-05,3219900.0,1,-0.05555555555555558,-0.009075673070658092,-0.04647988248489749,0.04647988248489749
78590,2018-08-29,1646100.0,1,-0.05957446808510636,0.004668935296705244,-0.0642434033818116,0.0642434033818116
78590,2018-12-11,4797600.0,1,0.014705882352941124,0.016702970856409535,-0.0019970885034684104,0.0019970885034684104
78590,2021-05-27,3304800.0,1,0.20258620689655182,0.010392364153720794,0.19219384274283102,-0.19219384274283102
78590,2022-08-05,5431500.0,1,0.031872509960159334,-0.00025362989059173844,0.03212613985075107,-0.03212613985075107
78590,2022-12-01,5068300.0,1,0.04199066874028001,-0.009477447863913175,0.05146811660419319,-0.05146811660419319
78590,2023-11-10,3769200.0,1,0.0036855036855036882,-0.0027933847280109596,0.006478888413514648,-0.006478888413514648
78780,2022-08-19,18700.0,0,0.1434735706580368,-0.0033994515154118794,0.14687302217344866,-0.14687302217344866
78860,2022-11-04,104700.0,0,-0.019379844961240345,0.0052673504641545035,-0.024647195425394848,0.024647195425394848
78970,2021-04-30,3648800.0,1,0.09313725490196068,0.007902149481830779,0.0852351054201299,-0.0852351054201299
79220,2021-01-08,289600.0,0,0.031847133757961776,0.0020421879369520897,0.029804945821009687,-0.029804945821009687
79280,2017-10-25,249700.0,0,-0.0028208744710860323,0.0034402991131529765,-0.006261173584239009,0.006261173584239009
79280,2021-01-21,312700.0,0,0.09227467811158796,-0.0012624538815183062,0.09353713199310626,-0.09353713199310626
79400,2017-06-01,2403500.0,1,-0.052991452991453025,0.006445449798315421,-0.059436902789768445,0.059436902789768445
79630,2020-01-29,471500.0,0,0.2333333333333334,-0.019045382188398123,0.2523787155217315,-0.2523787155217315
79800,2020-01-29,534700.0,1,0.20512820512820507,-0.019045382188398123,0.2241735873166032,-0.2241735873166032
79920,2021-02-26,960800.0,1,-0.1166666666666667,0.013134614410513758,-0.12980128107718045,0.12980128107718045
79970,2023-04-14,115500.0,0,-0.09062170706006323,0.00043729363884878713,-0.09105900069891201,0.09105900069891201
79970,2024-06-26,327300.0,0,0.0017436791630340842,0.0022053423691964255,-0.0004616632061623413,0.0004616632061623413
80290,2017-08-14,9205000.0,1,-0.06593406593406592,0.007478283381324357,-0.07341234931539029,0.07341234931539029
80400,2021-06-14,116900.0,0,-0.014545454545454528,0.0026413001495052307,-0.01718675469495976,0.01718675469495976
81050,2017-06-01,5544900.0,1,-0.005617977528089901,0.006445449798315421,-0.012063427326405323,0.012063427326405323
81050,2025-06-04,3695700.0,1,-0.12903225806451613,-0.0020578332240557824,-0.12697442484046034,0.12697442484046034
81390,2021-12-03,1849100.0,1,0.21199999999999997,-0.004642185305673062,0.21664218530567303,-0.21664218530567303
81430,2017-07-24,201400.0,0,0.012536162005786,0.0006364143164887257,0.011899747689297274,-0.011899747689297274
82020,2022-06-13,5065000.0,1,0.03180212014134276,-0.006437832603388066,0.038239952744730826,-0.038239952744730826
82260,2021-11-17,3188800.0,1,-0.11345646437994727,-0.0030196264086775866,-0.11043683797126969,0.11043683797126969
82560,2017-10-17,6881400.0,1,0.03618421052631571,-0.002676857878480902,0.03886106840479661,-0.03886106840479661
82560,2019-09-20,4087200.0,1,-0.024193548387096753,0.00588778919516572,-0.030081337582262474,0.030081337582262474
82560,2020-04-23,4696100.0,1,-0.07857142857142863,-0.002032297025533328,-0.0765391315458953,0.0765391315458953
82560,2021-07-16,6409900.0,1,0.08743169398907114,-0.011678006171843874,0.09910970016091501,-0.09910970016091501
82560,2021-08-17,5797600.0,1,-0.20547945205479456,0.007514685073254221,-0.2129941371280488,0.2129941371280488
82600,2021-10-01,1888900.0,1,-0.031347962382445194,-0.0072202645965445175,-0.024127697785900674,0.024127697785900674
85620,2020-09-17,1872300.0,1,0.016597510373443924,0.007929879066055126,0.008667631307388799,-0.008667631307388799
87040,2017-06-29,17879700.0,1,-0.012658227848101222,-0.002763446107726045,-0.009894781740375178,0.009894781740375178
87040,2019-11-25,12237200.0,1,-0.025862068965517238,0.0013891781191735326,-0.02725124708469077,0.02725124708469077
87050,2018-06-06,1687900.0,1,0.030405405405405483,0.009431974227088547,0.02097343117831694,-0.02097343117831694
87460,2022-03-07,2112400.0,1,0.00421940928270037,-0.017155750830715015,0.021375160113415385,-0.021375160113415385
87460,2024-02-26,5625000.0,1,-0.08064516129032262,0.004728597443137485,-0.0853737587334601,0.0853737587334601
88480,2019-02-25,35806000.0,1,0.08796296296296302,-0.0030241549187322568,0.09098711788169528,-0.09098711788169528
88910,2017-06-06,233100.0,0,-0.018018018018018056,0.004695325327536492,-0.022713343345554547,0.022713343345554547
89270,2017-09-13,4381400.0,1,-0.17891373801916932,-0.003906967429849753,-0.17500677058931957,0.17500677058931957
89460,2019-07-12,3106700.0,1,-0.08125000000000004,-0.003973380205039902,-0.07727661979496014,0.07727661979496014
89460,2023-03-01,4367000.0,1,0.00746268656716409,0.0003931516328435937,0.007069534934320496,-0.007069534934320496
91270,2021-08-23,253900.0,0,0.049591002044989674,0.012097092314017004,0.03749390973097267,-0.03749390973097267
92270,2022-11-17,3317700.0,1,0.10245554614733288,0.0012933393926855537,0.10116220675464732,-0.10116220675464732
92330,2017-07-18,258300.0,0,0.01090909090909098,0.0030941664214596152,0.007814924487631363,-0.007814924487631363
92350,2024-02-15,176700.0,0,0.029103608847497187,0.011958006195783688,0.0171456026517135,-0.0171456026517135
92350,2024-05-15,343700.0,0,-0.10851297040555352,-0.006604166147522258,-0.10190880425803127,0.10190880425803127
92350,2025-05-07,726700.0,1,-0.07101024890190333,0.0011681338629691417,-0.07217838276487247,0.07217838276487247
92350,2025-06-11,955900.0,1,0.044378698224851965,0.0015264994145812848,0.04285219881027068,-0.04285219881027068
92410,2023-09-15,59500.0,0,-0.041888297872340385,0.0025104783305151734,-0.04439877620285556,0.04439877620285556
92440,2024-02-26,191600.0,0,-0.1021897810218978,0.004728597443137485,-0.10691837846503528,0.10691837846503528
92500,2022-03-16,241300.0,0,0.013388259526261548,0.017599660805508902,-0.0042114012792473544,0.0042114012792473544
92540,2022-10-06,133500.0,0,-0.0061570035915854415,-0.004489897273921299,-0.0016671063176641422,0.0016671063176641422
92540,2023-03-27,289300.0,0,-0.030510257759074122,-0.003872373441652411,-0.02663788431742171,0.02663788431742171
92540,2023-08-02,240000.0,0,-0.04873417721518991,-0.011878924233081876,-0.03685525298210804,0.03685525298210804
92630,2020-01-08,1631300.0,1,0.07061068702290085,0.014891741543978666,0.055718945478922186,-0.055718945478922186
92650,2020-01-20,155700.0,0,-0.0088459991958183,0.0011737551458609208,-0.01001975434167922,0.01001975434167922
92680,2021-08-25,151300.0,0,0.05478723404255326,0.005770321247750517,0.04901691279480274,-0.04901691279480274
92710,2021-03-08,90200.0,0,-0.04743083003952564,0.013859806792830158,-0.0612906368323558,0.0612906368323558
92710,2025-08-25,527700.0,0,-0.049429657794676785,-0.0043339518187279664,-0.04509570597594882,0.04509570597594882
93070,2017-10-20,1007300.0,1,-0.03503503503503502,0.009492616800212633,-0.04452765183524766,0.04452765183524766
93070,2018-01-15,1356800.0,1,0.07172995780590719,0.0011282958211881527,0.07060166198471904,-0.07060166198471904
93270,2023-10-13,362600.0,0,-0.20329670329670335,-0.014243479632134752,-0.1890532236645686,0.1890532236645686
93480,2023-06-06,2327800.0,1,0.04203389830508475,-0.001053628822779258,0.043087527127864005,-0.043087527127864005
93530,2023-04-21,56300.0,0,-0.05203816131830008,0.0028073653636235874,-0.05484552668192367,0.05484552668192367
93530,2025-10-27,137500.0,0,-0.028110944527736104,-0.014302619184889884,-0.01380832534284622,0.01380832534284622
93600,2020-10-05,74800.0,0,-0.08515815085158152,0.004790724947906946,-0.08994887579948846,0.08994887579948846
93630,2023-04-21,368300.0,0,-0.015021459227467782,0.0028073653636235874,-0.01782882459109137,0.01782882459109137
94190,2023-12-07,525400.0,0,0.06194690265486735,-0.011606197547214007,0.07355310020208136,-0.07355310020208136
94240,2018-06-11,19295800.0,1,0.016460905349794164,0.0037842361100220616,0.012676669239772103,-0.012676669239772103
94240,2019-06-14,20981500.0,1,-0.10344827586206895,-0.003348364200852597,-0.10009991166121636,0.10009991166121636
94250,2018-08-24,201100.0,0,0.043897216274090045,0.01306108927971876,0.030836126994371285,-0.030836126994371285
94250,2020-09-09,764300.0,1,-0.07272727272727275,0.005382440709589477,-0.07810971343686222,0.07810971343686222
94250,2023-09-13,1339100.0,1,0.05340699815837935,0.003910060116478977,0.04949693804190037,-0.04949693804190037
94250,2025-09-11,1564800.0,1,-0.000983284169124854,-6.509176433960068e-05,-0.0009181924047852532,0.0009181924047852532
94390,2022-04-14,313400.0,0,-0.004385964912280715,-0.006649894031237982,0.0022639291189572664,-0.0022639291189572664
95520,2022-08-10,778500.0,1,0.04326359832635984,0.012647455919101509,0.030616142407258334,-0.030616142407258334
95530,2023-03-01,946900.0,1,-0.0034694113565398865,0.0003931516328435937,-0.0038625629893834805,0.0038625629893834805
95600,2023-01-27,437600.0,0,-0.02508885636629732,-0.0001502076263865542,-0.024938648739910765,0.024938648739910765
96100,2020-12-30,829600.0,1,-0.06100795755968169,-0.0032839800778588176,-0.057723977481822876,0.057723977481822876
96250,2019-12-04,386400.0,0,-0.0010924981791696764,0.0020600565076124107,-0.003152554686782087,0.003152554686782087
96850,2018-11-28,193600.0,0,-0.020472440944881876,0.004459003271863909,-0.024931444216745785,0.024931444216745785
96910,2020-01-15,120900.0,0,-0.05431754874651806,-0.0015799497205817,-0.05273759902593636,0.05273759902593636
96980,2018-04-03,445200.0,0,0.03333333333333344,0.0034952673031881784,0.029838066030145258,-0.029838066030145258
97020,2017-06-01,465200.0,0,-0.012777777777777777,0.006445449798315421,-0.019223227576093196,0.019223227576093196
97040,2024-03-08,10541400.0,1,0.30952380952380953,-0.01632007645442222,0.3258438859782318,-0.3258438859782318
97640,2017-09-13,1133000.0,1,0.16356107660455477,-0.003906967429849753,0.16746804403440452,-0.16746804403440452
98200,2018-08-16,156200.0,0,-0.05186915887850463,0.006917701177548701,-0.05878686005605333,0.05878686005605333
98270,2019-02-21,1633300.0,1,0.03539823008849563,-0.0006335317929715163,0.036031761881467145,-0.036031761881467145
98270,2022-03-02,1791800.0,1,-0.051724137931034475,0.004050920635682501,-0.055775058566716974,0.055775058566716974
98760,2020-06-18,1736700.0,1,0.03584229390680993,0.005842856613054328,0.0299994372937556,-0.0299994372937556
98780,2019-05-23,165100.0,0,-0.21134751773049643,0.001463125515681766,-0.21281064324617818,0.21281064324617818
98780,2020-10-28,236300.0,0,-0.06901041666666663,-0.0032423990817215865,-0.06576801758494505,0.06576801758494505
98780,2025-06-30,550400.0,1,-0.1366612111292962,-0.004847716356988442,-0.13181349477230775,0.13181349477230775
98880,2017-05-12,1041800.0,1,-0.11530398322851154,-0.0008872923713202963,-0.11441669085719125,0.11441669085719125
99690,2019-01-29,586800.0,1,-0.1132075471698113,-0.015536926205444777,-0.09767062096436652,0.09767062096436652
99800,2017-05-24,3441800.0,1,-0.03164556962025311,0.0008591463620086017,-0.03250471598226171,0.03250471598226171
99800,2017-07-04,2744500.0,1,-0.1706484641638225,0.005683726237847331,-0.17633219040166984,0.17633219040166984
